x,y,z,t,HCP0.5,PRP0.6,HCP1.0,PRP1.1,HCP2.0,PRP2.1,HCP0.5_inph,PRP0.6_inph,HCP1.0_inph,PRP1.1_inph,HCP2.0_inph,PRP2.1_inph,pos
107741.0847,183334.8013,26.24514651,38100.41,28.05514724,15.29830306,50.8324048,30.10482045,53.24321109,47.1333371,0.875508142,0.929908293,0.860953349,1.000175811,1.257586774,0.038638618,6.441672795
107741.2896,183334.4438,26.28778903,38100.54,28.55514724,15.69830306,51.0324048,30.80482045,52.74321109,47.4333371,0.875508142,0.929908293,0.850953349,0.990175811,1.267586774,0.048638618,6.853693723
107741.4441,183334.1826,26.28778903,38100.64,28.55514724,16.09830306,51.1324048,31.50482045,52.44321109,47.7333371,0.875508142,0.929908293,0.850953349,0.990175811,1.267586774,0.058638618,7.157151502
107741.6123,183333.9053,26.30704725,38100.74,28.95514724,16.09830306,51.3324048,32.10482045,52.34321109,48.2333371,0.875508142,0.929908293,0.860953349,1.000175811,1.257586774,0.048638618,7.48146801
107741.8025,183333.5985,26.32429654,38100.84,29.25514724,16.49830306,51.8324048,32.60482045,52.44321109,48.9333371,0.875508142,0.929908293,0.860953349,1.000175811,1.247586774,0.028638618,7.842468204
107741.9985,183333.2887,26.33307252,38100.95,29.65514724,16.39830306,52.6324048,32.70482045,52.64321109,49.9333371,0.875508142,0.929908293,0.860953349,0.990175811,1.247586774,-0.021361382,8.209021433
107742.1543,183333.0465,26.34011801,38101.04,29.65514724,16.39830306,53.1324048,32.60482045,53.04321109,49.9333371,0.875508142,0.929908293,0.860953349,0.990175811,1.247586774,-0.021361382,8.497024697
107742.3004,183332.821,26.3467795,38101.13,29.65514724,16.39830306,53.2324048,32.40482045,53.34321109,50.0333371,0.875508142,0.929908293,0.860953349,0.990175811,1.237586774,-0.061361382,8.765721107
107742.4589,183332.5787,26.3467795,38101.23,29.65514724,16.39830306,52.9324048,32.40482045,53.54321109,50.1333371,0.875508142,0.939908293,0.870953349,0.990175811,1.247586774,-0.061361382,9.05524951
107742.6913,183332.2269,26.35440347,38101.34,29.85514724,16.79830306,52.5324048,32.50482045,53.44321109,50.0333371,0.875508142,0.939908293,0.870953349,1.000175811,1.257586774,-0.071361382,9.476893614
107742.8523,183331.9855,26.36929559,38101.44,29.85514724,16.89830306,52.1324048,32.60482045,53.14321109,49.7333371,0.875508142,0.939908293,0.870953349,1.000175811,1.267586774,-0.111361382,9.767041975
107743.0684,183331.6638,26.38186268,38101.56,29.75514724,16.59830306,51.8324048,32.40482045,53.14321109,49.7333371,0.875508142,0.939908293,0.870953349,1.000175811,1.267586774,-0.111361382,10.15460981
107743.2477,183331.3985,26.39718352,38101.65,29.75514724,16.19830306,51.5324048,32.00482045,53.14321109,49.4333371,0.875508142,0.939908293,0.870953349,1.000175811,1.267586774,-0.131361382,10.47475097
107744.0321,183330.2499,26.45771947,38102.09,29.05514724,15.89830306,51.2324048,31.60482045,53.04321109,49.3333371,0.875508142,0.939908293,0.870953349,1.000175811,1.277586774,-0.121361382,11.86566661
107744.8642,183329.0316,26.49139354,38102.53,28.55514724,15.59830306,51.2324048,31.30482045,52.94321109,48.0333371,0.875508142,0.929908293,0.870953349,1.000175811,1.287586774,0.038638618,13.34107593
107744.9025,183328.9748,26.49139354,38102.55,28.55514724,15.59830306,51.0324048,31.00482045,53.14321109,48.0333371,0.875508142,0.929908293,0.870953349,1.000175811,1.267586774,0.038638618,13.40953368
107744.9599,183328.8897,26.49881839,38102.58,28.55514724,15.59830306,50.6324048,30.80482045,53.14321109,48.1333371,0.875508142,0.929908293,0.870953349,1.000175811,1.267586774,0.068638618,13.51217919
107745.0172,183328.8047,26.49881839,38102.61,28.55514724,15.59830306,50.3324048,30.60482045,53.54321109,48.1333371,0.875508142,0.929908293,0.870953349,1.000175811,1.247586774,0.068638618,13.61468987
107745.0934,183328.6915,26.50632573,38102.65,28.55514724,15.39830306,50.5324048,30.60482045,53.94321109,48.1333371,0.875508142,0.929908293,0.870953349,0.990175811,1.237586774,0.068638618,13.75118261
107745.1692,183328.5784,26.50632573,38102.69,28.15514724,15.39830306,50.8324048,30.60482045,53.94321109,48.1333371,0.875508142,0.929908293,0.860953349,0.990175811,1.237586774,0.038638618,13.8873376
107745.2729,183328.4227,26.515392,38102.74,27.95514724,15.29830306,51.3324048,30.40482045,54.54321109,48.0333371,0.865508142,0.929908293,0.860953349,0.990175811,1.247586774,0.018638618,14.07442788
107745.3904,183328.2455,26.515392,38102.79,28.15514724,15.19830306,51.6324048,30.70482045,54.94321109,47.6333371,0.865508142,0.929908293,0.860953349,0.990175811,1.237586774,0.028638618,14.28705304
107745.5145,183328.0578,26.52405811,38102.84,28.95514724,15.69830306,51.7324048,31.10482045,54.74321109,47.6333371,0.875508142,0.929908293,0.860953349,0.990175811,1.237586774,0.028638618,14.5120241
107745.6618,183327.8343,26.53449178,38102.9,29.25514724,16.29830306,51.4324048,31.70482045,53.94321109,47.2333371,0.875508142,0.929908293,0.860953349,0.990175811,1.247586774,0.058638618,14.77971508
107745.9039,183327.4662,26.54736154,38103.02,30.65514724,18.09830306,51.0324048,32.80482045,51.74321109,47.9333371,0.875508142,0.929908293,0.870953349,0.990175811,1.287586774,0.088638618,15.22028235
107745.9738,183327.3598,26.56174003,38103.08,30.65514724,18.09830306,51.2324048,34.10482045,51.74321109,47.9333371,0.875508142,0.929908293,0.860953349,0.990175811,1.287586774,0.088638618,15.34757694
107745.9938,183327.3293,26.56174003,38103.15,30.65514724,18.09830306,51.9324048,34.10482045,51.74321109,49.2333371,0.875508142,0.929908293,0.860953349,0.990175811,1.287586774,0.028638618,15.38405255
107746.1284,183327.1227,26.56174003,38103.22,31.25514724,18.59830306,52.6324048,35.30482045,51.24321109,49.2333371,0.865508142,0.929908293,0.860953349,0.990175811,1.287586774,0.028638618,15.63063477
107746.3097,183326.8439,26.57376307,38103.31,31.65514724,18.59830306,53.3324048,35.80482045,51.24321109,51.3333371,0.875508142,0.929908293,0.860953349,0.990175811,1.307586774,-0.031361382,15.96322382
107746.4307,183326.6575,26.58561584,38103.39,31.55514724,18.59830306,53.8324048,35.60482045,51.64321109,51.6333371,0.875508142,0.929908293,0.860953349,0.990175811,1.317586774,-0.011361382,16.18537661
107746.615,183326.373,26.593536,38103.48,31.45514724,18.09830306,53.8324048,35.00482045,52.04321109,51.3333371,0.875508142,0.929908293,0.870953349,1.000175811,1.287586774,0.028638618,16.5243997
107746.7616,183326.1467,26.593536,38103.56,31.25514724,17.79830306,53.3324048,34.10482045,51.94321109,50.5333371,0.875508142,0.929908293,0.870953349,1.000175811,1.287586774,0.048638618,16.79405639
107746.8538,183326.0042,26.593536,38103.61,30.95514724,17.49830306,52.3324048,33.30482045,51.94321109,49.8333371,0.875508142,0.929908293,0.870953349,1.000175811,1.287586774,0.068638618,16.96374926
107746.9832,183325.8045,26.593536,38103.68,30.45514724,16.99830306,51.5324048,32.90482045,52.04321109,49.8333371,0.875508142,0.929908293,0.870953349,0.990175811,1.287586774,0.068638618,17.20172467
107747.1633,183325.527,26.62571945,38103.78,29.95514724,16.99830306,51.3324048,32.60482045,52.84321109,49.6333371,0.875508142,0.929908293,0.860953349,0.990175811,1.297586774,0.068638618,17.53256094
107747.3733,183325.204,26.62571945,38103.88,29.15514724,15.89830306,51.7324048,32.20482045,54.24321109,49.8333371,0.875508142,0.929908293,0.860953349,0.990175811,1.287586774,0.028638618,17.91785628
107747.6963,183324.7092,26.62571945,38104.04,28.25514724,15.19830306,52.2324048,31.30482045,56.34321109,50.0333371,0.875508142,0.939908293,0.860953349,0.990175811,1.267586774,-0.021361382,18.50872592
107747.8486,183324.477,26.65232192,38104.14,28.25514724,14.59830306,52.6324048,29.90482045,59.04321109,49.6333371,0.875508142,0.939908293,0.860953349,1.000175811,1.257586774,-0.011361382,18.78642993
107748.0443,183324.1795,26.65232192,38104.24,28.05514724,14.19830306,52.9324048,28.50482045,61.64321109,49.2333371,0.875508142,0.949908293,0.860953349,1.010175811,1.257586774,-0.001361382,19.14243258
107748.2051,183323.9355,26.65232192,38104.34,27.95514724,14.19830306,53.2324048,27.60482045,63.14321109,48.8333371,0.875508142,0.949908293,0.860953349,1.010175811,1.257586774,-0.011361382,19.43469314
107748.3993,183323.6413,26.6591553,38104.44,28.15514724,14.49830306,53.2324048,27.50482045,63.04321109,48.0333371,0.875508142,0.939908293,0.860953349,1.000175811,1.277586774,-0.021361382,19.78719073
107748.6748,183323.2244,26.67707888,38104.58,28.95510245,15.29830306,52.8324048,28.20482045,61.54321109,46.9333371,0.875513813,0.939908293,0.870953349,1.000175811,1.307586774,-0.021361382,20.28695855
107748.8347,183322.9826,26.68245702,38104.67,28.95510245,16.2017954,52.53163177,29.70473986,59.34337814,46.4333371,0.875513813,0.940358118,0.870953349,1.000261611,1.307590043,-0.011361382,20.57682018
107749.0124,183322.7139,26.68901818,38104.77,29.5547295,17.00416314,52.72815333,31.60192898,57.33834075,47.21388085,0.87553271,0.940646061,0.871152967,1.001003607,1.277580861,0.011072265,20.89894392
107749.2168,183322.4046,26.70924225,38104.87,30.44755994,17.40422786,53.92609494,33.50056358,56.43526644,49.20544086,0.875616712,0.930661445,0.871231683,1.001440491,1.267577917,0.012389785,21.26967672
107749.403,183322.1226,26.71795418,38104.97,31.44755994,17.40422786,55.82609494,34.80056358,56.33526644,51.80544086,0.875616712,0.930661445,0.871231683,1.001440491,1.277577917,0.022389785,21.60760312
107749.5712,183321.8672,26.72694835,38105.06,32.94755994,17.60422786,57.42609494,35.60056358,56.63526644,55.30544086,0.875616712,0.930661445,0.871231683,0.991440491,1.287577917,0.072389785,21.91342561
107749.7388,183321.6124,26.73846453,38105.15,33.54755994,18.10422786,58.22609494,36.10056358,57.13526644,55.70544086,0.875616712,0.930661445,0.871231683,0.991440491,1.287577917,0.062389785,22.21841912
107749.9066,183321.3569,26.74820026,38105.24,33.54755994,18.10422786,58.42609494,36.60056358,57.13526644,55.70544086,0.875616712,0.930661445,0.871231683,0.991440491,1.287577917,0.062389785,22.52413195
107750.0265,183321.1744,26.75803399,38105.31,33.94755994,18.60422786,58.42609494,37.20056358,56.63526644,55.70544086,0.865616712,0.930661445,0.861231683,0.991440491,1.297577917,0.062389785,22.7424903
107750.2251,183320.8724,26.76987078,38105.42,34.24755994,19.00422786,58.52609494,37.70056358,56.03526644,55.90544086,0.865616712,0.930661445,0.861231683,0.991440491,1.297577917,0.062389785,23.10394943
107750.509,183320.442,26.78326733,38105.57,34.24755994,18.70422786,58.72609494,37.70056358,55.63526644,56.30544086,0.875616712,0.930661445,0.861231683,0.991440491,1.297577917,0.032389785,23.61945999
107750.6907,183320.1676,26.79075021,38105.67,33.84755994,18.20422786,58.72609494,37.40056358,55.33526644,56.50544086,0.875616712,0.930661445,0.861231683,0.991440491,1.297577917,0.012389785,23.94862947
107750.8727,183319.8938,26.79075021,38105.77,33.24755994,17.60422786,58.22609494,36.70056358,55.03526644,56.30544086,0.875616712,0.930661445,0.861231683,0.991440491,1.287577917,0.022389785,24.27740215
107751.0455,183319.6348,26.80323365,38105.87,32.34755994,17.10422786,57.02609494,35.60056358,54.83526644,53.80544086,0.875616712,0.930661445,0.861231683,0.991440491,1.297577917,0.052389785,24.58871088
107751.2445,183319.3381,26.81152256,38105.98,31.54755994,16.90422786,55.22609494,34.40056358,53.83526644,52.10544086,0.875616712,0.930661445,0.861231683,0.991440491,1.297577917,0.052389785,24.94600827
107751.3619,183319.1637,26.81988462,38106.04,31.54755994,16.70422786,53.62609494,33.50056358,53.33526644,50.60544086,0.875616712,0.930661445,0.861231683,0.991440491,1.287577917,0.052389785,25.15624371
107751.5436,183318.8951,26.82804553,38106.14,30.84755994,16.10422786,52.72609494,32.60056358,53.03526644,49.30544086,0.875616712,0.930661445,0.871231683,0.991440491,1.287577917,0.052389785,25.48048869
107751.6921,183318.6764,26.82804553,38106.23,30.04755994,15.20422786,52.22609494,31.50056358,53.03526644,49.30544086,0.875616712,0.930661445,0.871231683,0.991440491,1.287577917,0.052389785,25.74488337
107751.8794,183318.402,26.83573102,38106.33,28.04755994,14.40422786,51.32609494,30.10056358,52.83526644,48.00544086,0.875616712,0.930661445,0.871231683,1.001440491,1.287577917,0.062389785,26.07705981
107752.0728,183318.1198,26.84528384,38106.43,27.14755994,13.90422786,49.92609494,28.70056358,52.53526644,46.30544086,0.875616712,0.930661445,0.871231683,1.001440491,1.277577917,0.062389785,26.41921618
107752.2964,183317.7946,26.85083473,38106.56,26.44755994,13.50422786,48.32609494,27.60056358,51.73526644,44.20544086,0.875616712,0.930661445,0.871231683,1.001440491,1.277577917,0.032389785,26.81390415
107752.529,183317.4578,26.8566897,38106.69,25.64755994,13.10422786,47.02609494,26.60056358,50.43526644,41.80544086,0.875616712,0.930661445,0.871231683,1.001440491,1.297577917,0.012389785,27.22314664
107752.7195,183317.1831,26.86241439,38106.78,24.54755994,12.50422786,45.52609494,25.50056358,47.73526644,37.80544086,0.875616712,0.940661445,0.861231683,1.001440491,1.287577917,0.032389785,27.55749803
107752.8912,183316.9365,26.8682145,38106.88,23.44755994,11.90422786,43.72609494,24.30056358,46.53526644,36.10544086,0.875616712,0.940661445,0.861231683,1.001440491,1.277577917,0.042389785,27.85798404
107752.9755,183316.8159,26.87350496,38106.93,23.44755994,11.90422786,41.92609494,23.10056358,46.53526644,36.10544086,0.875616712,0.940661445,0.871231683,1.001440491,1.277577917,0.042389785,28.00511073
107753.1796,183316.5252,26.8785275,38107.03,22.44755994,11.40422786,40.32609494,22.00056358,45.43526644,34.50544086,0.875616712,0.940661445,0.871231683,1.001440491,1.287577917,0.042389785,28.3603036
107753.3856,183316.2336,26.88750446,38107.14,20.74755994,10.60422786,39.22609494,20.90056358,44.63526644,32.50544086,0.875616712,0.930661445,0.871231683,1.001440491,1.287577917,0.012389785,28.71732416
107753.5587,183315.9892,26.89435328,38107.24,20.74755994,10.20422786,38.52609494,19.80056358,44.63526644,32.50544086,0.875616712,0.930661445,0.871231683,1.001440491,1.287577917,0.012389785,29.01674764
107753.7391,183315.7355,26.89435328,38107.34,20.04755994,9.704227864,37.92609494,18.80056358,45.03526644,31.40544086,0.875616712,0.930661445,0.871231683,1.001440491,1.277577917,-0.007610215,29.32815101
107753.9109,183315.4939,26.90579934,38107.44,19.34755994,9.404227864,37.22609494,18.00056358,45.23526644,30.00544086,0.875616712,0.940661445,0.871231683,1.001440491,1.267577917,-0.007610215,29.62454688
107754.1777,183315.118,26.91557257,38107.58,18.04755994,9.204227864,36.42609494,17.30056358,45.23526644,28.40544086,0.875616712,0.940661445,0.871231683,1.001440491,1.257577917,0.012389785,30.08553928
107754.3384,183314.8908,26.9263169,38107.67,18.04755994,9.204227864,36.02609494,16.80056358,45.03526644,28.40544086,0.875616712,0.940661445,0.871231683,1.001440491,1.267577917,0.012389785,30.36379752
107754.5384,183314.6076,26.93716568,38107.77,17.54755994,8.904396285,35.62609494,16.50056358,44.73538432,27.70544086,0.875616712,0.940676632,0.861231683,1.011440491,1.287578693,0.042389785,30.71051558
107754.728,183314.3388,26.9481856,38107.87,17.44756453,8.804396285,35.12609494,16.30056837,44.1354999,27.10544086,0.875620454,0.940691879,0.871231683,1.011440491,1.297578693,0.052461148,31.03943436
107754.9373,183314.041,26.96216768,38107.98,17.14756806,8.804396285,34.62609494,16.30056837,42.9354999,27.20544086,0.875622318,0.930691879,0.871231683,1.011440491,1.307578693,0.052461148,31.40343064
107755.0537,183313.8753,26.96216768,38108.05,17.14756806,8.904396285,34.22609494,16.40056837,42.9354999,27.20544086,0.875622318,0.930691879,0.871231683,1.011440491,1.307578693,0.052461148,31.60595958
107755.2527,183313.5917,26.9696491,38108.15,17.04756806,9.004396285,33.82609494,16.40056837,42.6354999,27.80544086,0.875622318,0.930691879,0.871231683,1.001440491,1.297578693,0.052461148,31.95241659
107755.4237,183313.3475,26.9775854,38108.24,17.04756806,9.004396285,33.42609494,16.40056837,42.4354999,27.80544086,0.875622318,0.930691879,0.871231683,1.001440491,1.287578693,0.052461148,32.25055114
107755.6087,183313.0827,26.9850666,38108.35,17.04756806,8.904396285,33.32609494,16.60056837,42.4354999,28.30544086,0.875622318,0.940691879,0.881231683,1.001440491,1.277578693,0.042461148,32.57356677
107755.8087,183312.7955,26.99407429,38108.45,17.04756806,9.004396285,33.22609494,16.90056837,41.9354999,28.70544086,0.875622318,0.940691879,0.881231683,1.001440491,1.317578693,0.072461148,32.92351256
107755.9463,183312.5974,27.00256319,38108.53,17.04756806,9.204396285,33.32609494,17.20056837,41.8354999,29.40544086,0.875622318,0.930691879,0.881231683,1.001440491,1.337578693,0.092461148,33.16471699
107756.0786,183312.4065,27.00256319,38108.6,16.94756806,9.204396285,33.62609494,17.50056837,41.8354999,29.40544086,0.875622318,0.930691879,0.881231683,1.001440491,1.337578693,0.092461148,33.39702984
107756.2862,183312.1058,27.01381936,38108.7,16.84756806,9.504396285,34.02609494,17.80056837,41.8354999,30.10544086,0.875622318,0.930691879,0.881231683,1.001440491,1.317578693,0.102461148,33.76239025
107756.4581,183311.8558,27.0164935,38108.8,16.94756806,9.504396285,34.32609494,18.00056837,41.9354999,30.40544086,0.875622318,0.930691879,0.881231683,1.001440491,1.297578693,0.102461148,34.06579989
107756.6439,183311.5845,27.02139853,38108.9,17.14756806,9.904396285,34.42609494,18.30056837,42.1354999,30.60544086,0.875622318,0.930691879,0.881231683,1.001440491,1.287578693,0.092461148,34.39458733
107756.8825,183311.234,27.02595482,38109.03,17.54756806,10.00439629,34.32609494,18.50056837,42.4354999,30.80544086,0.875622318,0.930691879,0.881231683,1.001440491,1.287578693,0.072461148,34.81864421
107757.0863,183310.9329,27.02963994,38109.13,17.64756806,10.10439629,34.52609494,18.60056837,42.4354999,31.20544086,0.875622318,0.940691879,0.871231683,1.001440491,1.277578693,0.072461148,35.18215615
107757.2595,183310.6759,27.03328666,38109.24,17.84756806,10.10439629,35.02609494,18.80056837,42.5354999,31.30544086,0.875622318,0.930691879,0.871231683,1.011440491,1.277578693,0.062461148,35.49212974
107757.4373,183310.4109,27.03727898,38109.34,18.04756806,10.0044755,35.32609494,18.90056837,43.1354999,31.20544086,0.875622318,0.930695311,0.871231683,1.011440491,1.287578693,0.032461148,35.81123893
107757.6318,183310.12,27.04396134,38109.44,18.04768925,10.00466164,35.62610231,19.00059678,43.93559767,31.50548799,0.875622671,0.930703617,0.871234212,1.001449228,1.28758522,0.032521151,36.16114622
107757.8212,183309.8353,27.04873916,38109.55,18.14768925,10.00482137,35.92611592,19.00064999,44.93565421,31.70548799,0.875622671,0.930710867,0.8712398,1.001469176,1.297588063,0.082521151,36.50308319
107757.9829,183309.5923,27.0545084,38109.65,18.14768925,10.00492147,36.22566341,18.9006224,45.73553181,31.70548799,0.875622671,0.930710867,0.871268872,1.001511826,1.297592256,0.082521151,36.794989
107758.1473,183309.3443,27.06083204,38109.75,18.34840749,10.00492147,36.32566341,18.90061042,46.03535028,31.60397018,0.875658494,0.930710867,0.871287201,1.001511826,1.297594306,0.102846544,37.09252475
107758.3594,183309.0236,27.0685143,38109.86,18.44840749,10.10492147,36.22566341,18.70061042,46.13535028,31.40397018,0.875658494,0.930710867,0.871287201,1.001511826,1.297594306,0.072846544,37.47700384
107758.5386,183308.7527,27.0740375,38109.96,18.44840749,10.30492147,36.22566341,18.60061042,46.23535028,31.40397018,0.875658494,0.930710867,0.871287201,1.001511826,1.297594306,0.022846544,37.80181671
107758.7287,183308.4654,27.0835125,38110.06,18.64840749,10.40492147,36.52566341,18.70061042,47.33535028,31.90397018,0.875658494,0.930710867,0.871287201,1.001511826,1.307594306,-0.037153456,38.14634317
107758.871,183308.2503,27.0930432,38110.15,18.64840749,10.30492147,37.02566341,18.90061042,47.93535028,32.00397018,0.875658494,0.930710867,0.871287201,1.001511826,1.287594306,-0.037153456,38.40423323
107759.0112,183308.0386,27.10502917,38110.23,18.84840749,10.30492147,37.42566341,19.20061042,47.93535028,32.10397018,0.875658494,0.930710867,0.861287201,1.001511826,1.287594306,-0.017153456,38.65817932
107759.1511,183307.8267,27.1153375,38110.31,19.04840749,10.20492147,37.82566341,19.40061042,48.23535028,32.10397018,0.875658494,0.940710867,0.861287201,1.011511826,1.287594306,-0.017153456,38.91206488
107759.342,183307.538,27.12265496,38110.42,19.14840749,10.10492147,38.52566341,19.40061042,48.73535028,32.40397018,0.875658494,0.930710867,0.871287201,1.011511826,1.307594306,0.002846544,39.25815074
107759.5665,183307.1978,27.13718857,38110.55,19.54840749,10.20492147,39.12566341,19.40061042,49.33535028,33.50397018,0.875658494,0.930710867,0.871287201,1.001511826,1.317594306,0.032846544,39.66579538
107759.7366,183306.9389,27.14524952,38110.66,19.54840749,10.50492147,39.72566341,19.50061042,49.83535028,34.00397018,0.875658494,0.930710867,0.881287201,1.001511826,1.317594306,0.062846544,39.97558209
107759.8895,183306.7059,27.14524952,38110.75,19.94840749,10.50492147,40.02566341,19.90061042,50.23535028,34.00397018,0.875658494,0.930710867,0.881287201,1.001511826,1.317594306,0.062846544,40.25427797
107760.0812,183306.414,27.15287365,38110.86,20.54840749,11.70492147,40.22566341,20.40061042,50.43535028,35.90397018,0.875658494,0.930710867,0.881287201,1.001511826,1.317594306,0.092846544,40.60344511
107760.2316,183306.1861,27.16204752,38110.96,21.24840749,11.70492147,40.42566341,21.10061042,50.73535028,37.10397018,0.875658494,0.930710867,0.871287201,1.001511826,1.327594306,0.082846544,40.87656463
107760.3781,183305.9651,27.16871033,38111.04,21.44840749,12.10492147,40.92566341,22.10061042,51.03535028,38.20397018,0.875658494,0.930710867,0.871287201,1.001511826,1.347594306,0.062846544,41.14164303
107760.5152,183305.7597,27.1756751,38111.13,21.54840749,12.30492147,41.92566341,23.20061042,51.53535028,38.20397018,0.875658494,0.930710867,0.881287201,1.001511826,1.377594306,0.062846544,41.38862046
107760.7147,183305.4627,27.18158623,38111.24,21.94840749,12.50492147,43.22566341,24.00061042,52.33535028,41.00397018,0.875658494,0.930710867,0.881287201,1.001511826,1.367594306,0.042846544,41.7464105
107760.8861,183305.2088,27.18701188,38111.34,23.24840749,12.70492147,44.52566341,24.60061042,53.53535028,41.00397018,0.875658494,0.930710867,0.881287201,1.001511826,1.347594306,0.042846544,42.05269432
107761.073,183304.9323,27.192264,38111.44,23.74840749,12.80492147,45.72566341,25.00061042,54.93535028,42.40397018,0.875658494,0.930710867,0.871287201,1.001511826,1.337594306,0.022846544,42.38648626
107761.2472,183304.6744,27.196168,38111.55,23.74840749,13.00492147,46.72566341,25.30061042,54.93535028,42.40397018,0.875658494,0.930710867,0.871287201,1.001511826,1.337594306,0.022846544,42.6977033
107761.3775,183304.4812,27.196168,38111.65,24.04840749,13.00492147,47.52566341,25.70061042,56.13535028,43.80397018,0.875658494,0.930710867,0.871287201,1.001511826,1.347594306,0.012846544,42.93070287
107762.0776,183303.4379,27.21363337,38112.09,25.34840749,13.70492147,48.42566341,26.20061042,57.33535028,44.90397018,0.875658494,0.930710867,0.871287201,1.001511826,1.357594306,0.022846544,44.18714579
107762.7255,183302.4636,27.2439584,38112.51,26.94840749,14.50492147,49.52566341,27.10061042,67.43535028,52.50397018,0.875658494,0.940710867,0.881287201,1.001511826,1.357594306,-0.027153456,45.35723826
107762.7582,183302.4143,27.25361714,38112.53,26.94840749,14.50492147,51.02566341,28.10061042,69.93535028,54.30397018,0.875658494,0.940710867,0.881287201,1.001511826,1.347594306,-0.037153456,45.41643225
107762.8074,183302.3403,27.25361714,38112.56,26.94840749,14.50492147,53.02566341,29.10061042,72.03535028,56.00397018,0.875658494,0.940710867,0.881287201,1.001511826,1.347594306,-0.047153456,45.5052313
107762.8727,183302.2421,27.25361714,38112.6,26.94840749,14.50492147,55.12566341,30.10061042,72.03535028,56.00397018,0.875658494,0.940710867,0.871287201,1.001511826,1.347594306,-0.047153456,45.62319886
107762.9377,183302.1444,27.25361714,38112.64,28.04840749,15.00492147,57.52566341,31.20061042,73.23535028,57.80397018,0.875658494,0.940710867,0.871287201,1.001511826,1.377594306,-0.057153456,45.74053235
107763.0178,183302.024,27.26232311,38112.69,29.44840749,15.60492147,59.82566341,32.50061042,73.13535028,59.70397018,0.875658494,0.940710867,0.881287201,1.001511826,1.397594306,-0.037153456,45.88508675
107763.0947,183301.9086,27.26232311,38112.74,30.94840749,16.10492147,61.62566341,34.40061042,72.13535028,61.90397018,0.875658494,0.940710867,0.881287201,1.001511826,1.397594306,0.002846544,46.02384884
107763.1681,183301.7985,27.26928571,38112.79,34.34855595,18.60508781,63.2255539,37.10062993,72.13535028,61.90397018,0.875661865,0.94075737,0.881287201,1.011511826,1.397594306,0.002846544,46.15615721
107763.2399,183301.6909,27.26928571,38112.84,36.44855595,20.60508781,65.0255539,37.10062993,70.83535028,64.60304015,0.875661865,0.94075737,0.881287201,1.011511826,1.377595318,0.023071543,46.28549787
107763.3414,183301.5391,27.27619648,38112.91,38.74855595,22.60508781,67.3255539,40.60062993,70.83535028,64.60304015,0.875661865,0.94075737,0.881287201,1.001511826,1.377595318,0.023071543,46.4681169
107763.515,183301.2794,27.27965659,38113.02,40.94855595,25.80508781,69.9255539,44.40062993,69.83535028,72.90304015,0.875661865,0.93075737,0.881287201,1.001511826,1.417595318,0.053071543,46.78043119
107763.6426,183301.0893,27.27981824,38113.09,42.94855595,25.80508781,72.7255539,48.00062993,71.33535028,77.40304015,0.875661865,0.93075737,0.881287201,1.001511826,1.447595318,0.073071543,47.00943187
107763.7785,183300.8866,27.27832352,38113.16,44.74855595,26.70508781,75.4255539,53.30062993,73.73535028,81.40304015,0.875661865,0.93075737,0.881287201,1.001511826,1.447595318,0.103071543,47.25343946
107763.9229,183300.672,27.27529984,38113.24,46.14855595,27.10508781,77.8255539,54.50062993,76.23535028,84.50304015,0.875661865,0.93075737,0.881287201,0.991511826,1.427595318,0.113071543,47.51211715
107764.0272,183300.5173,27.27529984,38113.32,47.14855595,27.10508781,79.6255539,55.00062993,76.23535028,84.50304015,0.875661865,0.93075737,0.881287201,1.001511826,1.427595318,0.113071543,47.69869338
107764.1619,183300.3179,27.27241664,38113.4,47.94855595,27.00508781,81.0255539,55.30062993,78.73535028,86.80304015,0.875661865,0.93075737,0.881287201,1.001511826,1.417595318,0.083071543,47.9393615
107764.4341,183299.913,27.27081143,38113.56,49.44855595,26.80508781,82.7255539,55.50062993,89.13535028,90.00304015,0.875661865,0.93075737,0.881287201,1.001511826,1.427595318,-0.136928457,48.42721271
107764.4894,183299.8298,27.27081143,38113.6,49.44855595,26.80508781,84.8255539,55.30062993,89.13535028,90.00304015,0.875661865,0.93075737,0.881287201,1.001511826,1.427595318,-0.136928457,48.527132
107764.5951,183299.6709,27.27648,38113.66,49.94855595,26.50508781,86.8255539,54.80062993,92.23535028,90.40304015,0.875661865,0.93075737,0.881287201,1.001511826,1.437595318,-0.156928457,48.71792463
107764.7303,183299.4666,27.27648,38113.75,50.14855595,26.10508781,88.3255539,53.90062993,92.23535028,89.90304015,0.875661865,0.94075737,0.881287201,1.001511826,1.437595318,-0.146928457,48.96298283
107764.9037,183299.2036,27.27648,38113.85,50.14855595,25.50508781,88.9255539,52.80062993,95.23535028,88.40304015,0.875661865,0.94075737,0.881287201,1.001511826,1.437595318,-0.116928457,49.27800452
107765.0457,183298.9877,27.31591871,38113.95,49.94855595,25.00508781,88.6255539,51.60062993,94.63535028,86.40304015,0.875661865,0.94075737,0.881287201,1.001511826,1.457595318,-0.076928457,49.53639548
107765.1687,183298.8007,27.31591871,38114.03,49.74855595,24.70508781,87.4255539,50.80062993,94.63535028,86.40304015,0.875661865,0.94075737,0.881287201,1.001511826,1.457595318,-0.076928457,49.7602367
107765.3089,183298.5872,27.31591871,38114.13,49.44855595,24.60508781,85.7255539,50.40062993,93.33535028,84.60304015,0.875661865,0.94075737,0.891287201,1.001511826,1.457595318,-0.026928457,50.01562713
107765.5225,183298.2623,27.31591871,38114.24,49.04855595,24.90675393,84.3255539,50.40062993,91.13642636,82.80254669,0.875661865,0.94075737,0.891287201,1.001511826,1.427677662,0.033512185,50.40446189
107765.6835,183298.0172,27.34059832,38114.34,48.56010783,24.81796117,83.92181445,50.70199267,91.13642636,82.89481521,0.875882078,0.93075737,0.891423884,1.002062634,1.427677662,0.018237085,50.6976993
107765.8314,183297.7925,27.34059832,38114.44,48.2636024,24.81796117,84.50990954,50.50556105,91.13908433,82.89481521,0.87593059,0.93075737,0.89180311,1.003381662,1.437864416,0.018237085,50.96670899
107766.0497,183297.461,27.34354569,38114.55,47.9636024,23.41796117,85.10990954,49.70556105,91.93908433,82.59481521,0.87593059,0.93075737,0.89180311,1.003381662,1.467864416,0.028237085,51.36362504
107766.1867,183297.2532,27.34815808,38114.65,47.9636024,23.41796117,85.00990954,48.40556105,93.03908433,82.59481521,0.87593059,0.93075737,0.90180311,1.003381662,1.507864416,0.028237085,51.61255665
107766.3974,183296.9341,27.35679448,38114.76,46.8636024,22.81796117,84.20990954,47.40556105,93.73908433,80.49481521,0.87593059,0.93075737,0.91180311,1.003381662,1.517864416,0.128237085,51.99492475
107766.5401,183296.7185,27.35976585,38114.86,46.8636024,23.31796117,83.20990954,47.00556105,93.93908433,80.49481521,0.87593059,0.92075737,0.90180311,1.003381662,1.507864416,0.128237085,52.25345067
107766.735,183296.4254,27.37139813,38114.96,46.9636024,23.81796117,82.70990954,47.20556105,93.23908433,78.29481521,0.87593059,0.92075737,0.90180311,1.003381662,1.477864416,0.088237085,52.60547882
107766.8859,183296.1993,27.37666021,38115.06,46.9636024,24.21796117,82.60990954,47.90556105,92.83908433,78.19481521,0.87593059,0.92075737,0.89180311,1.003381662,1.457864416,-0.011762915,52.87733336
107767.0664,183295.9303,27.38235237,38115.16,48.0636024,24.41796117,83.00990954,49.00556105,92.53908433,78.39481521,0.87593059,0.93075737,0.89180311,0.993381662,1.457864416,-0.101762915,53.20122292
107767.1396,183295.8216,27.38914295,38115.21,48.0636024,24.41796117,83.80990954,49.00556105,92.53908433,78.39481521,0.87593059,0.93075737,0.89180311,0.993381662,1.457864416,-0.101762915,53.33227818
107767.3108,183295.5683,27.39596864,38115.31,48.6636024,25.21796117,84.30990954,49.50556105,91.83908433,78.39481521,0.87593059,0.94075737,0.89180311,1.003381662,1.477864416,-0.081762915,53.63798433
107767.4804,183295.3188,27.40254857,38115.41,49.0636024,25.91796117,84.30990954,50.40556105,90.43908433,78.09481521,0.87593059,0.94075737,0.89180311,1.003381662,1.497864416,-0.001762915,53.93968764
107767.7273,183294.9587,27.41674057,38115.57,49.9636024,26.61796117,84.20990954,51.60556105,89.03908433,77.99481521,0.87593059,0.93075737,0.88180311,1.003381662,1.497864416,0.038237085,54.37633065
107767.9326,183294.6617,27.42628571,38115.67,50.3636024,26.91796117,84.30990954,52.80556105,88.03908433,80.19481521,0.87593059,0.93075737,0.88180311,0.993381662,1.487864416,0.038237085,54.737317
107768.0912,183294.4336,27.432152,38115.77,50.3636024,26.91796117,84.80990954,53.30556105,87.63908433,80.19481521,0.87593059,0.93075737,0.88180311,0.993381662,1.477864416,0.038237085,55.01519375
107768.2732,183294.1728,27.43752457,38115.87,50.0636024,25.91796117,85.30972049,53.00556105,89.03908433,82.99481521,0.87593059,0.930781303,0.88180311,0.993381662,1.487864416,0.148237085,55.33315358
107768.4419,183293.9313,27.44141206,38115.98,50.0636024,25.31796117,85.90972049,52.40556105,89.03908433,83.79481521,0.87593059,0.920781303,0.89180311,0.993381662,1.487864416,0.148237085,55.62775365
107768.5675,183293.7518,27.44141206,38116.05,49.7636024,25.31796117,86.30972049,51.80556105,90.53908433,83.79481521,0.87593059,0.920781303,0.89180311,1.003381662,1.497864416,0.148237085,55.84685935
107768.7915,183293.4312,27.45011917,38116.16,49.4636024,24.61796117,86.60972049,51.20556105,92.03908433,83.99481521,0.87593059,0.920781303,0.89180311,0.993381662,1.487864416,0.078237085,56.23796272
107768.9353,183293.2254,27.45387853,38116.25,49.4636024,24.61796117,86.60972049,50.60556105,93.13908433,83.99481521,0.87593059,0.920781303,0.89180311,0.993381662,1.467864416,0.078237085,56.48897225
107769.1448,183292.9249,27.45765069,38116.35,49.2636024,24.61796117,86.20972049,50.30556105,93.63908433,83.49481521,0.87593059,0.930781303,0.89180311,0.993381662,1.457864416,0.028237085,56.85534751
107769.3318,183292.6563,27.46194,38116.46,49.2636024,24.81796117,85.60972049,50.10556105,93.73908433,82.79481521,0.87593059,0.930781303,0.90180311,1.003381662,1.467864416,-0.001762915,57.18259153
107769.5124,183292.3959,27.46558,38116.56,49.2636024,24.91796117,85.10972049,50.00556105,93.33908433,81.79481521,0.87593059,0.930781303,0.90180311,1.003381662,1.477864416,-0.001762915,57.49953654
107769.7753,183292.0156,27.46953472,38116.7,49.0636024,25.01796117,84.80972049,49.90556105,92.43908433,80.69481521,0.87593059,0.930781303,0.90180311,1.013381662,1.507864416,0.018237085,57.96188147
107769.9306,183291.7902,27.47343232,38116.78,48.8636024,25.01796117,84.70972049,49.80556105,92.13908433,80.39481521,0.87593059,0.930781303,0.90180311,1.013381662,1.527864416,0.008237085,58.23558798
107770.0706,183291.5866,27.47794859,38116.86,48.8636024,24.71796117,84.60972049,49.60556105,91.93908433,79.99481521,0.87593059,0.930781303,0.90180311,1.003381662,1.537864416,-0.021762915,58.48262365
107770.1803,183291.4274,27.48356096,38116.93,48.4636024,24.71796117,84.10972049,49.20556105,91.93908433,79.99481521,0.88593059,0.930781303,0.90180311,1.003381662,1.537864416,-0.021762915,58.67597371
107770.388,183291.1256,27.49082709,38117.05,47.8636024,23.81796117,83.60972049,48.50556105,91.73908433,79.59481521,0.88593059,0.930781303,0.90180311,1.003381662,1.517864416,-0.021762915,59.04233606
107770.563,183290.8714,27.49491616,38117.15,47.1636024,23.81796117,83.10972049,47.70556105,91.93908433,79.39481521,0.88593059,0.930781303,0.90180311,1.003381662,1.497864416,-0.001762915,59.35101799
107770.7582,183290.5873,27.50360629,38117.25,46.4636024,22.71796117,82.80972049,46.90556105,92.53908433,79.09481521,0.88593059,0.930781303,0.90180311,1.013381662,1.497864416,0.018237085,59.69563931
107770.9122,183290.3624,27.51244576,38117.35,46.1636024,22.71796117,82.80972049,46.10556105,93.43908433,78.39481521,0.88593059,0.930781303,0.90180311,1.013381662,1.507864416,0.008237085,59.96825014
107771.0981,183290.089,27.52600454,38117.45,45.96441614,22.21917577,82.70874516,45.30619664,93.83918088,77.59435321,0.885935183,0.930930592,0.901861045,1.003442605,1.517865499,-0.041574415,60.2988872
107771.2947,183289.797,27.5354311,38117.57,45.66729957,21.82856109,81.90785013,44.50709874,93.24059781,76.48881702,0.885961508,0.932412766,0.901940713,1.003819025,1.527900784,-0.070233714,60.65085624
107771.4769,183289.5238,27.54481926,38117.67,45.06729957,22.23043673,80.30785013,44.10709874,92.14059781,75.08881702,0.875961508,0.932749825,0.901940713,1.003819025,1.517900784,-0.050233714,60.97927772
107771.6576,183289.25,27.55301702,38117.77,44.56729957,22.53043673,78.70785013,44.30709874,91.14059781,73.98881702,0.875961508,0.932749825,0.901940713,1.013819025,1.497900784,-0.000233714,61.30728021
107771.8596,183288.9422,27.55928474,38117.88,44.46729957,22.53043673,77.80785013,44.50709874,90.34059781,73.48881702,0.875961508,0.932749825,0.901940713,1.013819025,1.487900784,0.139766286,61.67547212
107772.0051,183288.7197,27.56142171,38117.97,44.46729957,22.33043673,78.00785013,44.60709874,89.94059781,73.88881702,0.875961508,0.922749825,0.901940713,1.003819025,1.487900784,0.159766286,61.94138076
107772.1724,183288.4635,27.56359044,38118.05,44.46729957,22.03043673,78.60785013,44.50709874,90.04059781,74.28881702,0.875961508,0.922749825,0.901940713,0.993819025,1.497900784,0.109766286,62.24732427
107772.345,183288.1989,27.56485714,38118.15,44.06729957,22.03043673,79.20785013,44.20709874,90.74059781,74.28881702,0.875961508,0.922749825,0.891940713,0.993819025,1.507900784,0.109766286,62.5632352
107772.4997,183287.9619,27.566328,38118.25,44.36729957,22.23043673,79.40785013,44.00709874,91.84059781,74.38881702,0.875961508,0.922749825,0.891940713,0.993819025,1.507900784,0.009766286,62.84621803
107772.7068,183287.6449,27.56875167,38118.36,44.66729957,22.53043673,79.50785013,44.10709874,92.64059781,74.18881702,0.875961508,0.932749825,0.891940713,0.993819025,1.497900784,-0.100233714,63.2249019
107772.9737,183287.2385,27.57397769,38118.52,44.96729957,22.73043673,79.50785013,44.30709874,92.94059781,74.28881702,0.875961508,0.942749825,0.901940713,0.993819025,1.507900784,-0.120233714,63.71109708
107773.0659,183287.0987,27.59358857,38118.57,45.26729957,23.03043673,79.80785013,44.70709874,92.84059781,74.98881702,0.875961508,0.942749825,0.901940713,1.003819025,1.517900784,-0.020233714,63.8786349
107773.2449,183286.8283,27.60723264,38118.66,45.26729957,23.43043673,80.10785013,45.30709874,92.74059781,75.68881702,0.875961508,0.942749825,0.901940713,1.013819025,1.517900784,0.069766286,64.20291225
107773.402,183286.5917,27.61948992,38118.76,45.66729957,23.43043673,80.70785013,46.30709874,92.74059781,76.48881702,0.875961508,0.942749825,0.891940713,1.013819025,1.517900784,0.139766286,64.48683011
107773.5545,183286.362,27.62709024,38118.86,46.26729957,23.83043673,81.50785013,47.20709874,91.94059781,77.28881702,0.875961508,0.932749825,0.891940713,1.003819025,1.547900784,0.169766286,64.76263035
107773.7048,183286.1347,27.63,38118.97,46.86729957,24.23043673,82.30785013,48.00709874,92.04059781,78.48881702,0.875961508,0.922749825,0.901940713,0.993819025,1.547900784,0.179766286,65.03507645
107773.8081,183285.9777,27.63,38119.03,47.26729957,24.63043673,83.10785013,48.80709874,92.04059781,78.48881702,0.875961508,0.912749825,0.911940713,0.983819025,1.547900784,0.179766286,65.2230052
107774.0154,183285.661,27.63,38119.14,48.06733487,25.43043673,83.90785013,49.70709874,92.74059781,81.38881702,0.875964326,0.902749825,0.911940713,0.983819025,1.547900784,0.129766286,65.60153294
107774.1857,183285.3991,27.63,38119.24,48.56733487,25.53043673,84.80772754,50.30709283,93.54063959,82.48848679,0.875964326,0.912749825,0.901944155,0.983829073,1.547897906,0.079799772,65.91387543
107774.3335,183285.1715,27.63,38119.34,48.56733487,25.53043673,85.50772754,50.70709283,94.14063959,83.08848679,0.875964326,0.912749825,0.901944155,0.983829073,1.547897906,0.009799772,66.18530477
107774.4808,183284.9455,27.63,38119.44,48.96733487,25.43043673,86.00772754,50.60709283,94.84063959,83.08848679,0.875964326,0.922749825,0.901944155,0.993829073,1.547897906,0.009799772,66.45509881
107774.6799,183284.6428,27.6326656,38119.55,49.36733487,25.13043673,86.30772754,50.40709283,95.84063959,83.28848679,0.875964326,0.922749825,0.911944155,0.993829073,1.547897906,-0.030200228,66.8174266
107774.8567,183284.3775,27.6434096,38119.65,49.56733487,24.93043673,86.90772754,50.20709283,96.64063959,83.38848679,0.885964326,0.932749825,0.911944155,0.993829073,1.527897906,-0.020200228,67.13618423
107775.06,183284.0755,27.6579936,38119.76,49.76733487,24.73043673,87.50772754,50.20709283,97.14063959,84.08848679,0.875964326,0.922749825,0.911944155,0.993829073,1.517897906,0.089799772,67.50024482
107775.2127,183283.8505,27.6727424,38119.86,49.76733487,24.63043673,87.80772754,50.20709283,97.84063959,84.08848679,0.875964326,0.922749825,0.911944155,0.993829073,1.527897906,0.089799772,67.77216738
107775.3751,183283.6116,27.6794816,38119.96,49.66733487,24.53043673,88.00772754,50.30709283,98.84063959,84.78848679,0.875964326,0.922749825,0.911944155,0.983829073,1.557897906,0.159799772,68.06103643
107775.5794,183283.3114,27.67784,38120.06,49.76733487,24.63043673,88.30772754,50.60709283,99.94063959,84.98848679,0.875964326,0.922749825,0.911944155,0.973829073,1.557897906,0.139799772,68.42414876
107775.6978,183283.1373,27.67784,38120.13,49.76733487,24.63043673,88.70772754,51.10709283,100.0406396,85.38848679,0.875964326,0.922749825,0.911944155,0.983829073,1.547897906,0.049799772,68.63476066
107775.8349,183282.9355,27.675,38120.21,50.06733487,24.93043673,89.50772754,51.70709283,100.0406396,85.48848679,0.875964326,0.922749825,0.901944155,0.993829073,1.547897906,-0.060200228,68.87867955
107776.0079,183282.6809,27.67191296,38120.31,50.66733487,25.53043673,90.20772754,52.00709283,100.0406396,85.48848679,0.875964326,0.932749825,0.901944155,0.993829073,1.557897906,-0.060200228,69.18647621
107776.1839,183282.4219,27.67032461,38120.41,51.26733487,25.73043673,90.30772754,52.00709283,99.84063959,85.18848679,0.875964326,0.932749825,0.901944155,0.983829073,1.577897906,-0.130200228,69.49965617
107776.3985,183282.106,27.67372557,38120.54,51.56733487,25.93043673,89.70772754,51.80709283,99.34063959,84.78848679,0.875964326,0.942749825,0.901944155,0.983829073,1.587897906,-0.100200228,69.88153119
107776.5533,183281.8779,27.6871049,38120.64,51.56733487,25.93043673,89.40772754,51.70709283,98.94063959,84.68848679,0.875964326,0.942749825,0.901944155,0.983829073,1.587897906,0.019799772,70.15725809
107776.7621,183281.571,27.73005146,38120.74,51.46733487,26.13043673,89.30772754,51.90709283,98.84063959,85.18848679,0.885964326,0.932749825,0.901944155,1.003829073,1.587897906,0.299799772,70.52838101
107776.893,183281.3789,27.73005146,38120.84,51.46733487,25.93043673,89.50772754,52.10709283,99.04063959,85.18848679,0.875964326,0.912749825,0.901944155,1.003829073,1.587897906,0.299799772,70.76085316
107777.0815,183281.1032,27.74747405,38120.95,51.56733487,25.73043673,89.90772754,52.50709283,99.44063959,86.98848679,0.875964326,0.902749825,0.901944155,0.983829073,1.567897906,0.219799772,71.09485002
107777.2654,183280.8359,27.75734182,38121.05,51.66733487,26.33043673,90.60772754,53.30709283,100.3406396,87.98848679,0.875964326,0.902749825,0.901944155,0.963829073,1.567897906,0.089799772,71.41931866
107777.4193,183280.6136,27.7611575,38121.15,51.96733487,27.43043673,91.30772754,54.10709283,101.5406396,87.98848679,0.875964326,0.912749825,0.901944155,0.973829073,1.597897906,0.089799772,71.68961509
107777.6261,183280.3168,27.76443558,38121.25,53.46733487,28.53043673,91.90772754,55.00709283,102.4406396,88.98848679,0.875964326,0.912749825,0.911944155,0.983829073,1.627897906,0.009799772,72.05136696
107777.8234,183280.0353,27.76775206,38121.35,53.46733487,29.33043673,92.50772754,56.00709283,103.1406396,89.68848679,0.875964326,0.922749825,0.921944155,0.993829073,1.607897906,0.009799772,72.39522104
107778.0181,183279.759,27.77218,38121.45,54.36733487,29.83043673,93.60772754,57.00709283,103.8406396,90.08848679,0.875964326,0.922749825,0.921944155,1.003829073,1.587897906,-0.040200228,72.73320983
107778.2554,183279.4242,27.77726,38121.56,55.76733487,30.13043673,94.90772754,57.60709283,103.8406396,90.08848679,0.875964326,0.922749825,0.911944155,0.993829073,1.587897906,-0.040200228,73.1435672
107778.4161,183279.1976,27.78299584,38121.66,55.86733487,30.23043673,95.70772754,57.50709283,103.8406396,90.68848679,0.885964326,0.922749825,0.921944155,0.983829073,1.587897906,-0.160200228,73.42133877
107779.0816,183278.2694,27.79,38122.06,55.76733487,30.13043673,96.00772754,57.20709283,104.5406396,90.38848679,0.885964326,0.922749825,0.931944155,0.993829073,1.607897906,-0.130200228,74.5634473
107779.1172,183278.2202,27.79,38122.08,55.76733487,30.13043673,96.10772754,57.00709283,104.5406396,90.38848679,0.885964326,0.922749825,0.931944155,0.993829073,1.607897906,-0.130200228,74.62420683
107779.8659,183277.1843,27.7927264,38122.53,56.27663392,29.94081309,96.40466978,56.91202404,108.8477991,91.2623225,0.885956647,0.922749825,0.932307935,1.004871963,1.617891118,-0.107014355,75.90238358
107779.9428,183277.0762,27.8186944,38122.57,56.27663392,29.94081309,97.10466978,57.01202404,108.7477991,91.2623225,0.885956647,0.922749825,0.922307935,0.994871963,1.637891118,-0.107014355,76.03499615
107780.0032,183276.9915,27.8186944,38122.6,56.27663392,29.94081309,97.50466978,57.01202404,108.3477991,90.9623225,0.885956647,0.922749825,0.922307935,0.994871963,1.657891118,-0.227014355,76.13902182
107780.1098,183276.8417,27.8605024,38122.65,56.57663392,29.44081309,97.40466978,57.31202404,107.6477991,90.7623225,0.875956647,0.922749825,0.922307935,1.004871963,1.667891118,-0.247014355,76.32291822
107780.2061,183276.7051,27.8605024,38122.69,56.77663392,29.74081309,96.90466978,57.31202404,107.6477991,90.8623225,0.875956647,0.922749825,0.922307935,1.004871963,1.667891118,-0.127014355,76.48998189
107780.3331,183276.5233,27.9037504,38122.75,56.97663392,29.94081309,96.70466978,57.41202404,106.2477991,91.1623225,0.885956647,0.932749825,0.922307935,1.004871963,1.637891118,0.072985645,76.71181949
107780.4322,183276.3812,27.9037504,38122.8,56.77663392,28.94081309,96.90466978,57.11202404,106.2477991,91.5623225,0.885956647,0.942749825,0.922307935,1.004871963,1.637891118,0.242985645,76.88502687
107780.5438,183276.2207,27.9358,38122.86,56.47663392,28.44081309,97.30466978,56.61202404,106.0477991,92.0623225,0.885956647,0.932749825,0.922307935,1.014871963,1.627891118,0.332985645,77.08046519
107780.6484,183276.0699,27.9358,38122.92,56.17663392,28.04081309,97.30466978,56.11202404,106.3477991,92.0623225,0.875956647,0.922749825,0.922307935,1.004871963,1.627891118,0.332985645,77.26408637
107780.7633,183275.904,27.9372,38122.99,55.97663392,27.64081309,96.90466978,56.31202404,106.8477991,93.2623225,0.875956647,0.902749825,0.922307935,0.974871963,1.637891118,0.352985645,77.4658073
107780.887,183275.725,27.9184,38123.07,56.17663392,27.64081309,97.00466978,57.91202404,107.2477991,95.0623225,0.875956647,0.902749825,0.922307935,0.964871963,1.647891118,0.332985645,77.68340099
107780.9896,183275.5763,27.9184,38123.14,56.17663392,27.54081309,98.10466978,57.91202404,107.8477991,96.3623225,0.875956647,0.892749825,0.922307935,0.964871963,1.657891118,0.162985645,77.86414108
107781.1263,183275.378,27.89,38123.22,57.17663392,28.44081309,99.60466978,60.01202404,108.7477991,96.9623225,0.875956647,0.902749825,0.912307935,0.984871963,1.667891118,-0.067014355,78.10491228
107781.2745,183275.1621,27.8616,38123.31,58.57663392,30.04081309,100.8046698,61.51202404,108.7477991,97.3623225,0.875956647,0.912749825,0.912307935,0.994871963,1.667891118,-0.177014355,78.36680372
107781.4526,183274.9027,27.8428,38123.4,59.67663392,32.14081309,101.4046698,62.01202404,109.9477991,97.6623225,0.875956647,0.932749825,0.912307935,0.994871963,1.687891118,-0.097014355,78.68148029
107781.6769,183274.5765,27.84129847,38123.53,60.47663392,32.44081309,101.7046698,62.31202404,110.1477991,96.9623225,0.885956647,0.942749825,0.922307935,1.024871963,1.697891118,0.122985645,79.0773102
107781.7199,183274.5141,27.84853138,38123.56,60.47663392,32.44081309,101.9046698,62.31202404,110.1477991,96.9623225,0.885956647,0.942749825,0.932307935,1.024871963,1.697891118,0.122985645,79.15309265
107781.8647,183274.3045,27.84853138,38123.64,60.87663392,32.54081309,102.0046698,62.61202404,110.4477991,96.2623225,0.885956647,0.932749825,0.942307935,1.014871963,1.697891118,0.012985645,79.40781308
107782.0263,183274.0707,27.84853138,38123.74,61.17663392,32.54081309,102.1046698,62.61202404,110.4477991,96.2623225,0.885956647,0.922749825,0.942307935,1.004871963,1.697891118,0.012985645,79.6920823
107782.2187,183273.793,27.91347961,38123.84,61.27663392,32.14081309,101.8046698,62.11202404,110.2477991,94.3623225,0.885956647,0.922749825,0.932307935,1.004871963,1.697891118,-0.227014355,80.0299491
107782.3909,183273.5435,27.91347961,38123.94,59.87663392,31.34081309,101.4046698,60.91202404,110.1477991,93.5623225,0.885956647,0.932749825,0.932307935,1.004871963,1.707891118,-0.157014355,80.33304796
107782.5423,183273.3234,27.91920904,38124.03,59.87663392,31.34081309,100.8046698,59.61202404,110.0477991,93.5623225,0.885956647,0.932749825,0.932307935,1.014871963,1.737891118,-0.157014355,80.60018873
107782.7167,183273.0687,27.91920904,38124.14,58.27663392,29.44081309,100.0046698,58.31202404,109.7477991,92.7623225,0.885958525,0.932749825,0.932307935,1.024871963,1.747891118,-0.027014355,80.90895027
107782.9058,183272.7911,28.0519973,38124.24,57.37663392,28.74081309,98.90466978,57.11202404,109.3477991,90.9623225,0.885958525,0.932749825,0.942307935,1.034871963,1.737891118,0.212985645,81.24481894
107783.0756,183272.5407,28.0519973,38124.35,56.57663392,27.84081309,97.50466978,56.01202404,108.9477991,90.9623225,0.875958525,0.912749825,0.942307935,1.024871963,1.707891118,0.212985645,81.54734886
107783.2156,183272.3339,28.0519973,38124.44,56.57663392,27.84081309,96.50466978,55.01202404,108.3477991,90.1623225,0.875958525,0.912749825,0.942307935,1.004871963,1.717891118,0.232985645,81.79709191
107783.4419,183271.9987,28.05582965,38124.55,54.27663392,25.84081309,95.70466978,54.11202404,107.8477991,89.6623225,0.875958525,0.912749825,0.932307935,0.984871963,1.737891118,0.212985645,82.20148248
107783.6082,183271.7522,28.05947593,38124.65,53.17663392,25.14081309,95.00466978,53.21202404,107.8477991,89.9623225,0.875958525,0.912749825,0.932307935,0.984871963,1.747891118,0.232985645,82.49887216
107783.7513,183271.5394,28.06289224,38124.75,53.17663392,25.14081309,94.50466978,52.41202404,108.4477991,89.9623225,0.875958525,0.912749825,0.932307935,0.994871963,1.727891118,0.232985645,82.7553066
107783.9535,183271.238,28.0666773,38124.85,52.07663392,24.34081309,94.30466978,51.71202404,109.7477991,90.1623225,0.875958525,0.922749825,0.922307935,0.994871963,1.707891118,0.292985645,83.11828708
107784.1043,183271.0118,28.06952916,38124.96,52.07663392,24.14081309,94.10466978,51.11202404,113.4477991,89.9623225,0.875958525,0.922749825,0.922307935,0.994871963,1.737891118,0.302985645,83.3901331
107784.293,183270.728,28.07696461,38125.07,52.17663392,24.14081309,94.20466978,50.71202404,115.0477991,89.3623225,0.875958525,0.912749825,0.922307935,0.994871963,1.757891118,0.252985645,83.73088829
107784.3857,183270.5877,28.07696461,38125.12,52.17663392,24.24081309,94.60466978,50.31202404,116.2477991,88.7623225,0.875958525,0.922749825,0.922307935,0.994871963,1.777891118,0.162985645,83.89905557
107784.5105,183270.3981,28.08128794,38125.2,52.37663392,24.24081309,95.00466978,50.11202404,116.2477991,88.7623225,0.875958525,0.922749825,0.922307935,0.994871963,1.777891118,0.162985645,84.12603605
107784.6837,183270.1339,28.08660211,38125.3,52.67663392,25.04081309,95.40466978,50.41202404,117.2477991,88.2623225,0.875958525,0.922749825,0.922307935,0.994871963,1.777891118,0.072985645,84.44194554
107784.8568,183269.8695,28.092528,38125.4,53.17663392,25.54090322,95.70466978,51.01202404,117.8477991,87.8623225,0.875958525,0.932756698,0.932307935,1.004871963,1.777891118,0.012985645,84.75802444
107785.1411,183269.4352,28.11420486,38125.57,54.47839125,26.14456988,96.20388972,51.61212023,118.0478595,87.16189072,0.875960569,0.933286199,0.93231616,1.004885392,1.757892942,0.023150671,85.2770745
107785.2736,183269.2331,28.12685766,38125.67,54.47839125,26.64487859,96.60340175,52.31259926,117.9478595,87.26189072,0.875960569,0.933402199,0.932406408,1.005009546,1.727897339,0.083150671,85.51871425
107785.4322,183268.9917,28.14021446,38125.77,55.07839125,26.64487859,97.30340175,53.11259926,117.7478595,87.26189072,0.875961856,0.933402199,0.932406408,1.005009546,1.727897339,0.083150671,85.80753888
107785.5932,183268.7473,28.14021446,38125.87,55.77839125,27.44487859,98.00340175,54.21259926,116.5478595,88.56189072,0.875961856,0.933402199,0.932406408,1.005009546,1.797897339,0.123150671,86.10022273
107785.7766,183268.4696,28.16325978,38125.98,56.67839125,29.44487859,98.80340175,55.61259926,115.9478595,89.56189072,0.885961856,0.923402199,0.942406408,1.005009546,1.827897339,0.093150671,86.43302594
107785.895,183268.2913,28.16325978,38126.05,57.47839125,29.44487859,99.50340175,57.11259926,115.6478595,90.76189072,0.885961856,0.923402199,0.952406408,1.005009546,1.837897339,0.023150671,86.64702755
107786.0678,183268.0317,28.17497338,38126.15,58.47839125,31.44487859,100.4034018,58.71259926,115.6478595,92.26189072,0.885961856,0.923402199,0.952406408,0.995009546,1.837897339,-0.026849329,86.95889838
107786.2163,183267.8101,28.18525556,38126.25,59.47839125,31.74487859,101.6034018,60.11259926,115.4478595,93.96189072,0.885961856,0.923402199,0.952406408,0.985009546,1.817897339,-0.006849329,87.22564006
107786.3585,183267.5977,28.19610303,38126.35,60.37839125,31.74487859,102.8034018,61.21259926,115.3478595,93.96189072,0.885961856,0.923402199,0.952406408,0.995009546,1.797897339,-0.006849329,87.48130994
107786.549,183267.3147,28.20457387,38126.45,61.07839125,31.74487859,103.8034018,61.91259926,115.5478595,95.86189072,0.885961856,0.933402199,0.952406408,1.005009546,1.807897339,0.023150671,87.82243504
107786.6995,183267.0922,28.21448,38126.56,61.57839125,31.74487859,104.6034018,62.51259926,116.3478595,99.46189072,0.885961856,0.933402199,0.952406408,1.015009546,1.827897339,0.133150671,88.09105671
107786.9365,183266.7431,28.22349333,38126.69,61.77839125,31.54487859,105.4034018,62.61259926,118.9478595,101.5618907,0.885961856,0.923402199,0.942406408,0.995009546,1.867897339,0.173150671,88.51296964
107787.0337,183266.6003,28.23222222,38126.76,61.77839125,31.24487859,106.3034018,62.61259926,120.0478595,101.5618907,0.885961856,0.923402199,0.942406408,0.995009546,1.877897339,0.173150671,88.6857536
107787.1202,183266.4734,28.23222222,38126.82,62.17839125,31.24487859,107.0034018,62.41259926,120.0478595,102.0618907,0.885961856,0.923402199,0.942406408,0.995009546,1.877897339,0.133150671,88.83929144
107787.2614,183266.2668,28.24024,38126.92,62.57839125,31.04487859,107.5034018,62.21259926,121.0478595,102.0618907,0.875961856,0.923402199,0.942406408,0.995009546,1.877897339,0.133150671,89.08953471
107787.5006,183265.9187,28.25360267,38127.05,62.87839125,30.94487859,108.1034018,62.41259926,122.7478595,102.5618907,0.875961856,0.923402199,0.952406408,0.995009546,1.877897339,0.153150671,89.51190359
107787.6302,183265.7311,28.256016,38127.15,62.87839125,30.94487859,108.6034018,62.61259926,122.7478595,102.9618907,0.875961856,0.923402199,0.952406408,1.005009546,1.877897339,0.173150671,89.73993573
107787.7962,183265.491,28.2596,38127.25,62.87839125,31.14487859,108.7034018,62.91259926,123.3478595,103.4618907,0.875961856,0.923402199,0.952406408,1.005009546,1.877897339,0.163150671,90.03182396