x,y,z,t,HCP0.5,PRP0.6,HCP1.0,PRP1.1,HCP2.0,PRP2.1
107740.393,183334.398,69.31832244,40892.2,16.33898864,8.181699427,29.1933574,15.5725701,34.568025,23.36346958
107740.535,183334.144,69.31832244,40892.3,16.43853257,8.179533184,29.18952596,15.77192107,34.068025,23.26346958
107740.664,183333.916,69.3265376,40892.39,16.63694391,8.275437123,29.18952596,15.76976663,33.24771096,22.9462201
107740.823,183333.638,69.34570417,40892.5,16.83694391,8.575437123,28.88952596,15.86976663,32.34377393,22.74009333
107740.955,183333.408,69.35167962,40892.6,16.83694391,8.875437123,28.58952596,16.26976663,31.64377393,22.74009333
107741.095,183333.168,69.3596069,40892.69,16.93694391,9.175437123,28.58952596,16.76976663,31.44377393,22.84009333
107741.246,183332.911,69.3596069,40892.8,17.13694391,9.275437123,28.78952596,17.16976663,31.54377393,22.94009333
107741.393,183332.666,69.3596069,40892.9,17.33694391,9.175437123,29.38952596,17.46976663,31.64377393,23.34009333
107741.549,183332.405,69.413,40893.01,17.33694391,9.075437123,29.78952596,17.46976663,31.64377393,23.94009333
107741.617,183332.293,69.413,40893.07,17.33694391,8.775437123,29.78952596,17.46976663,31.54377393,24.34009333
107741.761,183332.057,69.413,40893.16,17.33694391,8.575437123,29.98952596,16.96976663,31.74377393,24.24009333
107741.908,183331.819,69.413,40893.25,17.13694391,8.375437123,29.78952596,16.66976663,31.94377393,23.94009333
107742.045,183331.598,69.423,40893.36,16.93694391,8.375437123,29.38952596,16.36976663,31.84377393,23.84009333
107742.222,183331.317,69.434,40893.47,16.73694391,8.375437123,28.98952596,16.36976663,31.64377393,23.74009333
107742.357,183331.104,69.44,40893.57,16.63694391,8.475437123,28.98952596,16.36976663,31.44377393,23.74009333
107742.509,183330.866,69.449,40893.68,16.53694391,8.375437123,28.98952596,16.16976663,31.34377393,23.84009333
107742.643,183330.659,69.458,40893.77,16.43694391,8.175437123,28.78952596,15.86976663,31.64377393,23.94009333
107742.747,183330.498,69.468,40893.84,16.13694391,7.875437123,28.48952596,15.86976663,32.14377393,23.84009333
107743.004,183330.106,69.489,40894.01,15.83694391,7.675437123,28.08952596,15.16976663,32.74377393,23.54009333
107743.149,183329.889,69.489,40894.11,15.73694391,7.675437123,28.08952596,15.06976663,33.14377393,23.34009333
107743.304,183329.655,69.5,40894.2,15.83694391,7.675437123,27.88952596,14.86976663,33.64377393,23.34009333
107743.437,183329.457,69.5161128,40894.3,15.93694391,7.875437123,27.88952596,14.76976663,33.84377393,23.24009333
107743.61,183329.2,69.52135897,40894.41,15.93694391,7.975437123,27.98952596,14.86976663,33.84377393,23.24009333
107743.753,183328.99,69.53106667,40894.5,16.03694391,8.075437123,28.08952596,15.16976663,33.84377393,23.14009333
107743.896,183328.779,69.5421,40894.61,16.03694391,8.175437123,28.08952596,15.16976663,33.74377393,23.04009333
107744.063,183328.536,69.5520927,40894.7,16.13694391,8.275437123,28.78952596,15.86976663,33.54377393,23.04009333
107744.219,183328.309,69.56416667,40894.8,16.33694391,8.375437123,28.78952596,16.16976663,33.24377393,23.44009333
107744.359,183328.106,69.5748,40894.9,16.63694391,8.475437123,29.18952596,16.16976663,33.04377393,23.74009333
107744.547,183327.835,69.5839197,40895.01,17.03694391,8.675437123,29.78889841,16.46976663,33.04225292,23.63945576
107744.69,183327.63,69.59426667,40895.1,17.23694391,8.773527401,29.78889841,16.46976663,32.94073296,23.6356363
107744.848,183327.403,69.6027,40895.19,17.33694391,8.773527401,29.88889841,16.46949992,32.64073296,23.8356363
107745.028,183327.147,69.61066149,40895.3,17.43694391,8.773527401,29.68889841,16.76949992,32.64073296,24.2356363
107745.192,183326.914,69.6194784,40895.41,17.33694391,8.773527401,29.88889841,16.96949992,32.54073296,24.4356363
107745.385,183326.64,69.62396484,40895.51,17.33694391,8.673527401,29.88889841,16.96949992,32.64073296,24.9356363
107745.451,183326.545,69.62396484,40895.56,17.23694391,8.673527401,29.88889841,16.96949992,32.84073296,24.9356363
107745.597,183326.339,69.6289024,40895.66,17.23694391,8.773527401,29.58889841,16.96949992,33.14073296,24.9356363
107745.762,183326.106,69.63350519,40895.76,17.03694391,8.873527401,29.38889841,16.96949992,33.24073296,24.6356363
107745.94,183325.856,69.63763704,40895.86,17.13694391,8.773527401,29.48889841,16.86949992,32.94073296,24.4356363
107746.154,183325.554,69.646622,40896.01,17.03676158,8.673527401,29.28883804,16.46937905,32.63981971,24.4356363
107746.335,183325.3,69.6502416,40896.1,17.03665553,8.573430252,29.08872613,16.2691566,32.63981971,24.33543075
107746.468,183325.113,69.66069813,40896.2,17.03665553,8.473430252,28.98872613,16.2691566,32.83981971,24.03543075
107746.654,183324.853,69.66876909,40896.3,17.03665553,8.473430252,29.08872613,16.3691566,32.93981971,23.63543075
107746.781,183324.675,69.66876909,40896.39,17.03665553,8.473430252,29.08872613,16.3691566,33.23981971,23.53543075
107746.963,183324.421,69.68847625,40896.51,16.83665553,8.273430252,29.08872613,15.8691566,33.53981971,23.53543075
107747.126,183324.193,69.68847625,40896.61,16.53665553,7.973430252,28.98872613,15.3691566,33.93981971,23.53543075
107747.291,183323.964,69.70163713,40896.71,16.23665553,7.673430252,28.98872613,15.0691566,34.33981971,23.63543075
107747.483,183323.696,69.72682014,40896.81,15.93665553,7.473430252,28.98872613,14.7691566,34.53981971,23.73543075
107747.628,183323.494,69.72682014,40896.91,15.73665553,7.173430252,28.98872613,14.5691566,34.73981971,23.53543075
107747.806,183323.244,69.74980889,40897.02,15.53665553,6.973430252,28.88872613,14.3691566,35.03981971,23.53543075
107747.919,183323.086,69.74980889,40897.09,15.53665553,6.973430252,28.88872613,14.3691566,35.43981971,23.73543075
107748.096,183322.838,69.76060875,40897.19,15.73665553,7.073430252,28.78872613,14.5691566,35.33981971,24.23543075
107748.181,183322.718,69.770852,40897.24,15.73665553,7.373430252,28.98872613,14.5691566,35.13981971,24.53543075
107748.337,183322.497,69.778218,40897.34,16.13665553,7.773430252,29.28872613,14.9691566,35.23981971,24.63543075
107748.48,183322.293,69.78510268,40897.44,16.23665553,8.173430252,29.38872613,15.7691566,35.33981971,24.73543075
107748.633,183322.075,69.79299267,40897.54,16.43665553,8.573430252,29.38872613,16.1691566,35.33981971,24.93543075
107748.802,183321.832,69.80045727,40897.64,16.83665553,8.773430252,30.28872613,16.5691566,35.23981971,25.23543075
107748.97,183321.591,69.80701003,40897.74,17.23665553,8.773430252,30.98872613,16.7691566,35.33981971,25.43543075
107749.121,183321.372,69.81024255,40897.85,17.73665553,8.773430252,31.28872613,16.8691566,35.43981971,25.43543075
107749.283,183321.136,69.81669567,40897.95,17.93665553,8.773430252,31.48872613,17.1691566,35.53981971,25.13543075
107749.483,183320.846,69.829979,40898.07,18.03665553,8.773430252,31.48872613,17.2691566,35.43981971,24.83543075
107749.615,183320.651,69.829979,40898.16,18.03665553,8.873430252,31.48872613,17.2691566,35.23981971,24.83543075
107749.826,183320.345,69.84074886,40898.28,18.03665553,9.073430252,30.88872613,17.3691566,35.03981971,24.93543075
107749.958,183320.153,69.84767086,40898.37,18.13665553,9.173430252,30.58872613,17.3691566,34.93981971,25.13543075
107750.125,183319.91,69.85568305,40898.47,18.23665553,9.173430252,30.58872613,17.4691566,34.73981971,25.53543075
107750.282,183319.683,69.863936,40898.58,18.23665553,8.973430252,30.88872613,17.4691566,34.73981971,25.83543075
107750.455,183319.431,69.87148639,40898.69,18.13665553,8.773430252,31.6883039,17.3691566,34.83981971,26.03543075
107750.612,183319.204,69.88160349,40898.79,18.03593217,8.573430252,31.5883039,17.2691566,35.13898005,26.03543075
107750.785,183318.954,69.88996367,40898.9,17.93593217,8.573430252,31.4883039,17.1691566,35.53898005,25.93543075
107750.951,183318.713,69.89815227,40899.01,17.83593217,8.673430252,31.3883039,17.1691566,35.83898005,25.73543075
107751.052,183318.566,69.90606872,40899.08,17.93593217,8.773430252,31.3883039,17.1691566,35.93898005,25.53543075
107751.243,183318.287,69.91361245,40899.19,17.93593217,8.873430252,31.2883039,17.0691566,36.03898005,25.63543075
107751.416,183318.036,69.92135994,40899.29,17.93593217,8.773430252,31.3883039,17.0691566,36.13898005,25.93543075
107751.558,183317.827,69.92595037,40899.39,17.93593217,8.773430252,31.7883039,17.1691566,36.23898005,26.03543075
107751.732,183317.571,69.93506289,40899.49,17.93593217,8.673430252,31.8883039,17.0691566,36.33898005,25.83543075
107751.874,183317.362,69.94075391,40899.6,17.93593217,8.673430252,31.8883039,16.9691566,36.43898005,25.53543075
107752.046,183317.108,69.94628173,40899.69,17.93593217,8.673430252,31.5883039,16.7691566,36.03898005,25.23543075
107752.188,183316.896,69.95176977,40899.8,17.93593217,8.673430252,31.2883039,16.7691566,35.33898005,24.93543075
107752.359,183316.641,69.95734148,40899.89,17.83593217,8.673430252,30.6883039,16.7691566,34.83898005,24.83543075
107752.499,183316.432,69.96312027,40899.99,17.73593217,8.573430252,30.6883039,16.8691566,35.13898005,24.93543075
107752.623,183316.246,69.96986343,40900.08,17.63593217,8.473430252,30.4883039,16.8691566,35.73898005,25.03543075
107752.772,183316.021,69.97647886,40900.17,17.33593217,8.173430252,30.8883039,16.3691566,36.13898005,24.93543075
107754.033,183314.078,70.05384304,40901,16.63593217,7.373430252,30.3883039,14.9691566,36.63898005,24.43543075
107754.079,183314.008,70.05384304,40901.03,16.63593217,7.373430252,30.3883039,14.9691566,37.43898005,24.43543075
107754.216,183313.793,70.06292086,40901.12,16.63593217,7.373430252,30.3883039,14.9691566,38.03898005,24.03543075
107754.353,183313.579,70.06292086,40901.21,16.63593217,7.373430252,29.9883039,14.5691566,38.13898005,23.43543075
107754.429,183313.46,70.07063919,40901.26,16.43593217,7.373430252,29.7883039,14.4691566,37.83898005,23.13543075
107754.46,183313.412,70.07063919,40901.28,16.43593217,7.373430252,29.7883039,14.4691566,37.63898005,22.93543075
107754.52,183313.317,70.07491825,40901.32,16.33593217,7.473430252,29.6883039,14.4691566,37.93898005,23.03543075
107754.581,183313.222,70.07491825,40901.36,16.13593217,7.473430252,29.6883039,14.4691566,38.23898005,23.13543075
107754.642,183313.127,70.08103717,40901.4,16.13593217,7.473430252,29.6883039,14.3691566,38.53898005,23.23543075
107754.703,183313.033,70.08103717,40901.44,16.13593217,7.373430252,29.7883039,13.7691566,38.63898005,23.13543075
107754.779,183312.913,70.08103717,40901.49,16.13593217,7.373430252,29.9883039,13.6691566,38.63898005,23.03543075
107754.854,183312.796,70.08609082,40901.54,16.1342032,7.173430252,29.9883039,13.66786677,38.63098039,23.03543075
107754.945,183312.654,70.09079995,40901.6,15.92510346,6.870186173,29.68050193,13.75241612,38.62432448,23.13543075
107755.035,183312.513,70.09079995,40901.66,15.9108533,6.861661843,29.46174925,13.84828605,38.57997576,23.20160759
107755.126,183312.371,70.09530028,40901.72,16.0048553,6.858147112,29.45528834,13.74828605,38.57997576,23.29327393
107755.245,183312.185,70.10017143,40901.8,16.0048553,6.858147112,29.75528834,13.64828605,38.57997576,23.39327393
107755.571,183311.676,70.10939048,40902.02,16.1048553,6.658147112,30.05528834,13.64828605,38.57997576,23.39327393
107755.687,183311.496,70.10939048,40902.1,16.1048553,6.558147112,30.05528834,13.64828605,38.57997576,23.49327393
107755.84,183311.259,70.11941974,40902.19,16.1048553,6.558147112,29.85528834,13.54828605,38.77997576,23.49327393
107755.978,183311.046,70.12484173,40902.28,16.1048553,6.558147112,29.85528834,13.54828605,39.07997576,23.59327393
107756.129,183310.815,70.13066284,40902.37,16.0048553,6.658147112,29.85528834,13.64828605,39.27997576,23.79327393
107756.259,183310.618,70.13066284,40902.45,16.0048553,6.758147112,30.15528834,13.74828605,38.97997576,24.09327393
107756.346,183310.485,70.13066284,40902.51,16.0048553,6.858147112,30.25528834,13.74828605,38.37997576,24.49327393
107756.496,183310.259,70.13066284,40902.61,16.0048553,7.058147112,30.15528834,13.94828605,37.97997576,24.79327393
107756.672,183309.995,70.17483776,40902.71,16.1048553,7.158147112,29.95528834,14.44828605,37.97997576,25.19327393
107756.832,183309.756,70.181315,40902.81,16.1048553,7.358147112,29.65528834,14.74828605,38.07997576,25.49327393
107757.01,183309.493,70.19,40902.92,16.2048553,7.458147112,29.75528834,15.04828605,38.37997576,25.89327393
107757.185,183309.235,70.19,40903.02,16.3048553,7.558147112,29.95528834,15.34828605,38.87997576,26.29327393
107757.323,183309.032,70.19,40903.1,16.5048553,7.758147112,29.95528834,15.44828605,39.57997576,26.49327393
107757.456,183308.837,70.19,40903.19,16.8048553,7.858147112,30.25528834,15.44828605,40.47997576,26.39327393
107757.652,183308.551,70.19757041,40903.29,17.0048553,7.858147112,31.45528834,15.54828605,41.27997576,26.49327393
107757.81,183308.321,70.2030441,40903.39,17.1048553,7.858147112,31.75528834,15.54828605,41.77997576,26.89327393
107757.99,183308.058,70.20956155,40903.49,17.3048553,7.958147112,31.95528834,15.74828605,42.17997576,27.19327393
107758.151,183307.826,70.21653647,40903.59,17.5048553,7.958147112,32.15528834,16.04828605,42.67997576,27.19327393
107758.332,183307.563,70.22230828,40903.7,17.9048553,8.058147112,32.75528834,16.24828605,43.47997576,27.09327393
107758.519,183307.293,70.22926858,40903.8,18.2048553,8.258147112,33.45528834,16.44828605,44.07997576,27.09327393
107758.685,183307.053,70.2327906,40903.91,18.4048553,8.258147112,33.95528834,16.64828605,44.47997576,27.29327393
107758.937,183306.689,70.23755692,40904.06,18.8048553,8.458147112,34.35528834,16.74828605,44.97997576,27.59327393
107759.113,183306.435,70.25130406,40904.16,19.1048553,8.558147112,34.85528834,16.94828605,45.47997576,28.49327393
107759.189,183306.325,70.25130406,40904.21,19.1048553,8.558147112,34.85528834,16.94828605,45.87997576,28.49327393
107759.312,183306.148,70.25673566,40904.3,19.40109311,8.755726828,35.45403234,17.04828605,46.27692665,28.79327393
107759.514,183305.856,70.26989606,40904.4,19.50109311,8.95507493,36.44881039,17.64598468,46.86639958,29.28463766
107759.65,183305.658,70.27675579,40904.5,19.80109311,9.15507493,36.84881039,18.04598468,47.26639958,30.08463766
107759.809,183305.427,70.28289327,40904.6,20.20109311,9.25507493,37.14881039,18.54598468,47.46639958,30.88463766
107760.015,183305.13,70.28747377,40904.71,20.40109311,9.45507493,37.74881039,19.04598468,47.56639958,31.98463766
107760.217,183304.835,70.30216936,40904.81,20.70109311,9.55507493,38.34881039,19.54598468,47.86639958,32.98463766
107760.351,183304.641,70.30216936,40904.9,21.00109311,9.75507493,38.64881039,19.74598468,48.36639958,33.68463766
107760.534,183304.375,70.3089224,40905.01,21.30109311,9.85507493,39.04881039,19.94598468,49.06639958,34.98463766
107760.578,183304.311,70.31566098,40905.04,21.30109311,9.95507493,39.04881039,19.94598468,50.16639958,34.98463766
107760.723,183304.1,70.31566098,40905.13,21.60109311,9.95507493,39.84881039,20.14598468,51.46639958,35.88463766
107760.9,183303.84,70.32478545,40905.23,21.90109311,10.15507493,40.54881039,20.84598468,52.66639958,36.68463766
107761.124,183303.513,70.32864092,40905.36,22.50109311,10.35507493,42.04881039,21.04598468,53.66639958,37.18463766
107761.277,183303.29,70.3325434,40905.45,23.10109311,10.35507493,42.84881039,21.14598468,54.56639958,37.58463766
107761.42,183303.079,70.33617096,40905.55,23.60109311,10.45507493,43.44881039,21.44598468,55.16639958,37.78463766
107761.607,183302.806,70.33965452,40905.66,24.00109311,10.65507493,43.94881039,21.94598468,55.66639958,38.38463766
107761.783,183302.546,70.343125,40905.77,24.50109311,10.95507493,44.64881039,22.54598468,56.16639958,39.28463766
107761.856,183302.439,70.343125,40905.82,25.00109311,11.35507493,44.64881039,22.54598468,56.86639958,40.38463766
107762.158,183301.994,70.35095273,40906.01,25.50109311,12.55507493,46.54881039,24.44598468,57.56639958,41.58463766
107762.317,183301.76,70.35566737,40906.11,27.50109311,12.95507493,47.74881039,25.54598468,57.96639958,42.68463766
107762.452,183301.559,70.36322736,40906.2,27.50109311,12.95507493,49.04881039,26.64598468,58.16639958,43.78463766
107762.642,183301.279,70.36929559,40906.31,28.50109311,13.35507493,49.94881039,27.64598468,58.66639958,44.58463766
107762.777,183301.078,70.37260438,40906.41,29.20109311,14.05507493,49.94881039,28.74598468,59.16639958,45.28463766
107762.915,183300.874,70.37892864,40906.5,29.80109311,14.85507493,50.24881039,29.94598468,59.46639958,46.18463766
107763.118,183300.573,70.38637091,40906.61,30.50109311,15.45507493,52.34881039,31.14598468,59.66639958,47.08463766
107763.258,183300.363,70.39407197,40906.71,31.20109311,15.55507493,53.64881039,31.84598468,59.76639958,47.98463766
107763.399,183300.154,70.40184727,40906.8,31.80109311,15.45507493,53.64881039,31.94598468,59.96639958,48.98463766
107763.6,183299.853,70.4102656,40906.92,32.20109311,15.35507493,55.24881039,31.74598468,60.66639958,50.18463766
107763.725,183299.668,70.41759612,40907.01,32.30109311,15.15507493,55.24881039,31.54598468,61.66639958,50.88463766
107763.835,183299.504,70.41759612,40907.08,32.20109311,15.05507493,55.44881039,31.54598468,62.66639958,50.98463766
107763.975,183299.295,70.42377318,40907.19,32.20109311,14.85507493,55.54881039,31.34598468,63.56639958,50.98463766
107764.151,183299.032,70.4322944,40907.29,32.00102214,14.65504532,56.34870011,31.14594409,64.46623392,51.08449302
107764.31,183298.796,70.43719745,40907.39,32.00102214,14.55504532,56.34870011,30.94594409,65.36623392,51.28449302
107764.477,183298.547,70.44229695,40907.5,32.00102214,14.35504532,57.34870011,30.84594409,66.26623392,51.98449302
107764.57,183298.408,70.4485376,40907.56,32.00102214,14.15504532,57.34870011,30.84594409,66.86623392,51.98449302
107764.71,183298.2,70.4485376,40907.66,32.00102214,14.25504532,57.64870011,30.74594409,67.06623392,51.78449302
107764.872,183297.959,70.45270625,40907.76,32.10102214,14.65504532,57.54870011,30.84594409,66.46623392,51.08449302
107765.016,183297.745,70.45729375,40907.86,32.70102214,15.25504532,56.84870011,31.74594409,65.46623392,50.48449302
107765.276,183297.359,70.46770305,40908.01,32.90024803,15.65480143,56.94838298,32.14519934,64.76577747,50.18411045
107765.387,183297.194,70.4702128,40908.09,32.99767584,15.65480143,56.94775089,32.34242653,64.46577747,50.38296797
107765.55,183296.952,70.48058681,40908.2,33.09767584,15.55480143,56.84775089,32.14224064,64.66577747,50.78296797
107765.722,183296.698,70.48058681,40908.3,32.99767584,15.25480143,56.74775089,31.54224064,65.16577747,50.98296797
107765.878,183296.467,70.48680911,40908.4,32.69767584,14.85480143,56.74775089,30.94224064,65.96577747,51.18296797
107766.044,183296.221,70.49288,40908.49,32.39767584,14.35480143,56.54775089,30.34224064,66.86577747,51.28296797
107766.201,183295.989,70.50075171,40908.59,32.19767584,14.05480143,56.44775089,29.74224064,67.36577747,50.88296797
107766.338,183295.788,70.50819201,40908.7,32.09767584,13.95480143,56.44775089,29.24224064,67.56577747,50.18296797
107766.513,183295.529,70.515,40908.8,31.99767584,14.05480143,56.54775089,28.84224064,67.56577747,49.38296797
107766.673,183295.293,70.52331061,40908.91,31.99767584,14.35480143,56.34775089,29.04224064,67.06577747,48.88296797
107766.865,183295.011,70.53712,40909.01,32.09767584,14.75480143,55.64775089,29.44224064,66.06577747,48.68296797
107766.946,183294.891,70.53712,40909.06,32.29767584,15.25480143,55.64775089,29.44224064,65.06577747,48.68296797
107767.093,183294.675,70.54512128,40909.16,32.29767584,15.45480143,55.44775089,30.74224064,64.16577747,48.68296797
107767.171,183294.56,70.55058085,40909.21,32.39767584,15.45480143,55.54775089,30.74224064,63.56577747,48.58296797
107767.333,183294.323,70.5545152,40909.3,32.59767584,15.55480143,55.94775089,31.14224064,63.16577747,48.68296797
107767.496,183294.083,70.56029515,40909.4,32.69767584,15.45480143,56.14775089,30.94224064,62.86577747,48.98296797
107767.66,183293.841,70.56522065,40909.5,32.79767584,15.35480143,55.54775089,30.84224064,62.76577747,49.28296797
107767.823,183293.602,70.56993615,40909.61,32.49767584,15.15480143,55.14775089,30.84224064,62.86577747,49.58296797
107767.996,183293.349,70.575,40909.71,31.99767584,14.85480143,55.34775089,30.74224064,63.36577747,50.08296797
107768.168,183293.096,70.5777536,40909.81,31.49767584,14.55480143,55.64775089,30.24224064,64.16577747,50.48296797
107768.316,183292.879,70.5824016,40909.9,31.29767584,14.15480143,55.9304341,29.63402362,65.2609987,50.57960841
107768.63,183292.419,70.5922776,40910.08,31.38582949,13.54981287,56.1304341,29.13402362,66.34310033,50.56602496
107768.781,183292.199,70.60058681,40910.18,31.38582949,13.44981287,56.3304341,28.73402362,67.24310033,50.16602496
107768.938,183291.968,70.60551649,40910.27,31.18582949,13.44981287,56.4304341,28.43402362,67.84310033,49.46602496
107769.115,183291.709,70.61288,40910.38,30.88582949,13.34981287,56.2304341,28.23402362,67.94310033,48.46602496
107769.277,183291.474,70.62002,40910.48,30.98582949,13.44981287,55.5304341,28.03402362,67.24310033,47.46602496
107770.533,183289.637,70.6734418,40911.27,30.28582949,14.64981287,53.6304341,28.13402362,66.14310033,46.56602496
107770.636,183289.484,70.6789408,40911.34,30.28582949,14.64981287,53.6304341,28.13402362,64.64310033,45.86602496
107770.786,183289.263,70.68159218,40911.44,30.28582949,14.64981287,53.6304341,28.13402362,63.04310033,45.26602496
107770.923,183289.06,70.686225,40911.53,30.28582949,14.64981287,52.3304341,28.33402362,62.04310033,45.06602496
107771.017,183288.92,70.6912,40911.59,30.28582949,14.64981287,51.4304341,28.33402362,62.14310033,45.26602496
107771.049,183288.873,70.6912,40911.61,30.28582949,14.64981287,51.4304341,28.33402362,62.84310033,45.26602496
107771.097,183288.801,70.6912,40911.64,29.98582949,15.04981287,51.4304341,28.33402362,63.44310033,45.76602496
107771.163,183288.704,70.6912,40911.68,29.98582949,15.04981287,51.3304341,28.13402362,64.14310033,46.06602496
107771.229,183288.605,70.69604167,40911.72,30.18582949,15.04981287,51.3304341,28.13402362,64.54310033,45.76602496
107771.315,183288.478,70.69604167,40911.77,30.18582949,15.04981287,51.8304341,27.63402362,64.44310033,43.26602496
107771.384,183288.374,70.70127318,40911.81,30.38582949,14.14981287,52.1304341,26.93402362,63.84310033,42.26602496
107771.492,183288.214,70.70127318,40911.87,29.98582949,12.14981287,50.7304341,25.03402362,63.04310033,41.76602496
107771.596,183288.058,70.70599759,40911.92,28.78582949,12.14981287,49.6304341,24.23402362,62.74310033,41.56602496
107771.747,183287.832,70.71074367,40912.02,27.98582949,12.34981287,49.2304341,24.53402362,62.94310033,42.26602496
107771.837,183287.696,70.715075,40912.08,27.78582949,12.14981287,49.4304341,24.53402362,63.24310033,42.26602496
107771.947,183287.531,70.715075,40912.15,27.68582949,11.94981287,49.7304341,24.33402362,63.14310033,42.56602496
107772.076,183287.336,70.72397324,40912.22,27.48582949,11.84981287,49.9304341,24.13402362,63.14310033,42.56602496
107772.175,183287.186,70.72397324,40912.3,27.38582949,11.84981287,50.1304341,24.13402362,63.24310033,42.46602496
107772.342,183286.934,70.72887924,40912.41,27.48582949,12.54981287,50.0304341,24.53402362,63.34310033,42.56602496
107772.474,183286.735,70.7332581,40912.49,28.08582949,12.94981287,50.1304341,25.23402362,63.44310033,42.96602496
107772.628,183286.5,70.73859305,40912.59,28.48582949,13.04981287,50.5304341,26.33402362,63.34310033,43.36602496
107772.763,183286.294,70.74345542,40912.68,28.98582949,13.14976963,51.73026834,26.63402362,63.44281121,44.06584575
107772.868,183286.133,70.74345542,40912.76,29.28582949,13.24976963,51.73026834,26.63402362,63.54281121,44.86584575
107772.998,183285.936,70.74345542,40912.85,29.28582949,13.54976963,52.13026834,27.03402362,63.74281121,45.26584575
107773.146,183285.709,70.74345542,40912.95,30.08582949,13.94976963,52.53026834,27.73402362,64.04281121,45.36584575
107773.285,183285.496,70.74345542,40913.05,30.08582949,14.34976963,52.83026834,28.43402362,64.24281121,45.56584575
107773.445,183285.252,70.791,40913.16,30.58582949,14.74976963,53.23026834,29.23402362,64.34281121,46.06584575
107773.587,183285.034,70.78647952,40913.26,31.08582949,15.04976963,53.53026834,30.03402362,64.44281121,46.66584575
107773.716,183284.837,70.78647952,40913.36,31.68582949,15.24976963,53.93026834,30.43402362,64.64281121,47.56584575
107773.901,183284.553,70.78647952,40913.47,32.18582949,15.44976963,55.63026834,30.73402362,64.84281121,48.36584575
107774.001,183284.4,70.78647952,40913.55,32.18582949,15.64976963,55.63026834,30.73402362,65.14281121,48.96584575
107774.128,183284.206,70.79111808,40913.65,32.58326793,15.84868306,56.22590637,31.12708818,65.53808624,49.36053415
107774.297,183283.947,70.79781568,40913.76,33.07196119,16.048215,56.32535776,31.82435308,66.03679658,49.75924509
107774.423,183283.753,70.80380186,40913.86,33.27196119,16.048215,56.52535776,32.12435308,66.63679658,50.55924509
107774.55,183283.56,70.80771344,40913.96,33.27196119,16.048215,57.12535776,32.12435308,67.23679658,51.45924509
107774.734,183283.277,70.81579514,40914.08,33.87196119,16.248215,58.12535776,32.52435308,67.53679658,51.95924509
107774.897,183283.03,70.82093368,40914.19,34.07196119,16.348215,58.42535776,32.82435308,67.83679658,52.15924509
107775.048,183282.801,70.82652212,40914.3,34.17196119,16.448215,58.42535776,33.02435308,68.33679658,52.75924509
107775.205,183282.565,70.83078816,40914.41,34.17196119,16.548215,59.02535776,33.12435308,69.03679658,54.15924509
107775.266,183282.473,70.83301824,40914.46,34.17196119,16.548215,59.02535776,33.12435308,69.53679658,54.15924509
107775.38,183282.303,70.8353925,40914.55,34.37196119,16.648215,59.42535776,33.42435308,69.93679658,54.55924509
107775.533,183282.075,70.83756096,40914.66,34.87196119,16.748215,59.92535776,33.82435308,70.53679658,55.05924509
107775.669,183281.872,70.83984,40914.75,35.17196119,16.848215,60.12535776,34.02435308,71.33679658,55.55924509
107775.841,183281.618,70.84474998,40914.86,35.17196119,17.248215,60.32535776,34.42435308,72.53679658,55.95924509
107775.977,183281.417,70.84726458,40914.95,35.37196119,17.448215,60.82535776,34.52435308,73.83679658,56.25924509
107776.157,183281.152,70.84961664,40915.09,36.27196119,17.448215,62.82535776,34.42435308,74.73679658,56.35924509
107776.308,183280.93,70.85185152,40915.19,36.57196119,17.148215,63.42535776,34.12435308,75.43679658,56.25924509
107776.461,183280.703,70.8546075,40915.29,36.67196119,17.148215,63.32535776,33.92435308,76.03679658,55.95924509
107776.602,183280.494,70.8580725,40915.39,36.87196119,17.248215,63.22535776,33.92435308,76.33679658,55.75924509
107776.751,183280.274,70.86211045,40915.49,36.87196119,17.348215,63.32535776,34.12435308,76.13679658,55.55924509
107776.884,183280.075,70.86745937,40915.58,36.97196119,17.248215,63.32535776,34.32435308,75.93679658,55.35924509
107777.003,183279.898,70.87302534,40915.68,36.97196119,17.248215,63.62535776,34.32435308,75.83679658,55.45924509
107777.206,183279.595,70.8791033,40915.8,37.07131471,17.248215,64.02535776,34.32435308,75.73679658,55.55924509
107777.363,183279.359,70.891515,40915.9,37.07131471,17.248215,64.02535776,34.42435308,75.33679658,55.75924509
107777.546,183279.083,70.89821409,40916.03,36.97131471,17.148215,63.62535776,34.52435308,74.83679658,56.05924509
107777.666,183278.9,70.90548061,40916.12,36.77131471,17.048215,63.12535776,34.42435308,74.53679658,56.15924509
107777.741,183278.787,70.90548061,40916.17,36.77131471,16.848215,63.12535776,34.42435308,74.43679658,56.25924509
107777.918,183278.519,70.91777036,40916.27,36.57131471,16.64713592,62.82223609,34.32435308,74.53679658,56.75924509
107778.057,183278.308,70.91777036,40916.36,36.36274509,16.44154917,62.80127247,34.41585387,74.92195124,57.5418938
107778.196,183278.099,70.92416833,40916.46,36.26142336,16.44154917,63.10127247,34.61585387,75.91775462,58.33722353
107778.345,183277.871,70.92937408,40916.57,36.56142336,16.64154917,63.60127247,34.91585387,77.21775462,59.03722353
107778.473,183277.676,70.93417608,40916.66,36.86142336,16.74154917,64.30127247,34.91585387,78.51775462,59.63722353
107778.656,183277.4,70.94090346,40916.77,37.16142336,17.04154917,65.70127247,35.41585387,79.31775462,60.03722353
107778.79,183277.193,70.94478224,40916.87,37.56142336,17.44154917,65.70127247,35.71585387,79.61775462,60.03722353
107778.957,183276.939,70.94983907,40916.98,38.06142336,17.74154917,66.80127247,35.91585387,79.71775462,59.63722353
107779.102,183276.717,70.95438248,40917.07,38.36142336,17.84154917,66.80127247,35.81585387,79.61775462,58.93722353
107779.234,183276.514,70.96062426,40917.17,38.46142336,17.54154917,66.90127247,35.51585387,79.61775462,58.43722353
107779.366,183276.31,70.96644205,40917.26,38.46142336,17.24154917,66.60127247,35.11585387,79.61775462,58.33722353
107779.54,183276.04,70.97800153,40917.37,38.16142336,17.14154917,66.10127247,34.71585387,79.81775462,58.13722353
107779.67,183275.837,70.98969772,40917.47,37.66142336,16.94154917,65.80127247,34.31585387,80.61775462,57.83722353
107779.843,183275.566,71.00369187,40917.58,37.36142336,16.44154917,65.80127247,33.81585387,81.71775462,57.73722353
107780,183275.32,71.0193061,40917.69,37.06142336,15.84154917,66.00127247,33.11585387,82.81775462,57.93722353
107780.145,183275.09,71.0358625,40917.8,36.76142336,15.24154917,66.20127247,32.51585387,83.81775462,58.13722353
107780.248,183274.927,71.05100854,40917.87,36.56142336,15.14154917,66.20127247,32.51585387,84.51775462,58.63722353
107780.477,183274.563,71.06748747,40918.01,36.66142336,15.44154917,66.30127247,33.31585387,84.71775462,59.13722353
107780.642,183274.298,71.08585123,40918.11,37.16142336,16.74154917,67.20127247,34.31585387,85.01775462,59.93722353
107780.769,183274.096,71.09918316,40918.2,37.86142336,16.74154917,68.20127247,35.21585387,85.61775462,60.93722353
107780.904,183273.881,71.11276881,40918.3,38.66142336,17.44154917,69.30127247,36.11585387,86.41775462,62.23722353
107781.051,183273.647,71.12071616,40918.39,39.36142336,17.84154917,70.40127247,37.01585387,87.21775462,63.63722353
107781.215,183273.384,71.13287814,40918.51,39.96142336,18.14154917,71.50127247,38.11585387,87.81775462,64.73722353
107781.376,183273.126,71.13960832,40918.61,40.86142336,18.74154917,72.60127247,39.01585387,88.31775462,65.13722353
107781.51,183272.913,71.14666292,40918.71,41.76142336,19.14154917,72.60127247,39.51585387,88.91775462,65.43722353
107781.644,183272.698,71.15398909,40918.8,42.26142336,19.14154917,73.60127247,39.81585387,89.61775462,66.43722353
107781.824,183272.413,71.15970812,40918.9,42.46142336,19.04154917,75.20127247,40.41585387,90.51775462,67.73722353
107781.989,183272.149,71.16644139,40919.01,42.86142336,19.34154917,76.10127247,41.01585387,91.41775462,68.93722353
107782.096,183271.98,71.17239103,40919.08,43.56142336,19.74154917,76.10127247,41.01585387,92.11775462,69.43722353
107782.248,183271.739,71.17883324,40919.19,44.16142336,19.84154917,77.50127247,41.11585387,92.61775462,69.63722353
107782.398,183271.504,71.18393943,40919.29,44.46142336,19.84154917,77.70127247,41.01585387,92.81775462,69.83722353
107782.567,183271.238,71.18913327,40919.4,44.76142336,20.04154917,77.60127247,41.41585387,92.61775462,70.03722353
107782.736,183270.973,71.19347184,40919.5,45.06142336,20.44154917,77.40127247,42.51585387,92.11775462,70.33722353
107782.83,183270.827,71.19849167,40919.56,45.56142336,21.04154917,77.40127247,43.61585387,91.51775462,71.03722353
107782.984,183270.589,71.20292766,40919.66,46.16142336,21.54154917,77.60127247,44.51585387,91.41775462,71.93722353
107783.154,183270.326,71.2078342,40919.76,46.76142336,22.04154917,79.30127247,45.21585387,92.01775462,72.93722353
107783.301,183270.1,71.21294413,40919.86,47.26142336,22.44154917,80.20127247,45.81585387,93.41775462,74.03722353
107783.466,183269.848,71.2184381,40919.96,47.66136223,22.54154917,81.20107978,46.21577853,95.11775462,75.03722353
107783.633,183269.593,71.22221685,40920.07,48.06124383,22.6415104,82.20107978,46.51566208,96.61766581,75.73702632
107783.772,183269.382,71.2306467,40920.16,48.36124383,22.7415104,83.00107978,46.61566208,97.71766581,76.33702632
107783.934,183269.138,71.2306467,40920.27,48.66124383,23.0415104,83.60107978,46.81566208,98.51766581,76.83702632
107784.127,183268.85,71.24429714,40920.37,49.06124383,23.5415104,84.00107978,47.11566208,99.21766581,77.03702632
107784.272,183268.633,71.25241,40920.47,49.66124383,24.0415104,84.30107978,47.81566208,99.71766581,77.33702632
107784.42,183268.415,71.26017547,40920.56,50.46124383,24.4415104,84.30107978,48.61566208,100.3176658,77.83702632
107784.6,183268.15,71.27111263,40920.67,50.96124383,24.7415104,85.80107978,49.11566208,100.7176658,78.43702632
107784.763,183267.912,71.28064839,40920.77,51.36124383,24.9415104,86.70107978,49.41566208,101.1176658,79.03702632
107785.125,183267.385,71.29953143,40920.99,51.86124383,25.1415104,87.80107978,50.31566208,101.8176658,79.63702632
107785.271,183267.174,71.30972714,40921.08,52.16124383,25.2415104,87.80107978,50.31566208,102.8176658,80.53702632
107785.419,183266.959,71.32104047,40921.17,52.16124383,25.1415104,88.40107978,50.61566208,103.9176658,81.53702632
107785.568,183266.745,71.32894391,40921.26,52.46124383,25.1415104,89.20028157,50.81525463,105.3176658,83.53702632
107785.659,183266.615,71.32894391,40921.32,52.46124383,25.14141793,89.20028157,50.81525463,106.7171504,84.33702632
107785.718,183266.531,71.34316936,40921.36,52.86104343,25.14141793,89.20028157,50.9150501,107.9156086,84.33702632
107785.841,183266.354,71.34316936,40921.44,53.1604354,25.24114131,89.89988143,50.9150501,109.2145743,85.23702632
107786,183266.128,71.35741199,40921.54,53.5604354,25.44114131,91.39988143,51.2150501,110.8145743,86.33702632
